shape,position,space,own,equal,newBody,sameBody,nonThunk,onlyLeft,onlyRight
#levelTree,2,inputTree,255,252,0,0,1,2,0
#levelTree,2,lazyMergeSort,1,1,0,0,0,0,0
#levelTree,2,merge,1,0,0,0,1,0,0
#levelTree,2,mergeSort,1253,1127,72,0,0,54,0
#levelTree,3,inputTree,255,250,0,0,3,2,0
#levelTree,3,lazyMergeSort,1,1,0,0,0,0,0
#levelTree,3,merge,1,0,0,0,1,0,0
#levelTree,3,mergeSort,1253,841,272,10,0,130,18
#levelTree,4,inputTree,255,252,0,0,1,2,0
#levelTree,4,lazyMergeSort,1,1,0,0,0,0,0
#levelTree,4,merge,1,0,0,0,1,0,0
#levelTree,4,mergeSort,1253,1228,9,5,0,11,0
#levelTree,5,inputTree,255,251,0,0,2,2,0
#levelTree,5,lazyMergeSort,1,1,0,0,0,0,0
#levelTree,5,merge,1,0,0,0,1,0,0
#levelTree,5,mergeSort,1253,1218,16,4,0,15,2
#levelTree,6,inputTree,255,251,0,0,2,2,0
#levelTree,6,lazyMergeSort,1,1,0,0,0,0,0
#levelTree,6,merge,1,0,0,0,1,0,0
#levelTree,6,mergeSort,1253,1218,20,2,0,13,1
#levelTree,7,inputTree,255,251,0,0,2,2,0
#levelTree,7,lazyMergeSort,1,1,0,0,0,0,0
#levelTree,7,merge,1,0,0,0,1,0,0
#levelTree,7,mergeSort,1253,1216,13,7,0,17,2
#levelTree,8,inputTree,255,251,0,0,2,2,0
#levelTree,8,lazyMergeSort,1,1,0,0,0,0,0
#levelTree,8,merge,1,0,0,0,1,0,0
#levelTree,8,mergeSort,1253,1225,10,5,0,13,1
#levelTree,9,inputTree,255,251,0,0,2,2,0
#levelTree,9,lazyMergeSort,1,1,0,0,0,0,0
#levelTree,9,merge,1,0,0,0,1,0,0
#levelTree,9,mergeSort,1253,1224,16,2,0,11,0
#levelTree,10,inputTree,255,252,0,0,1,2,0
#levelTree,10,lazyMergeSort,1,1,0,0,0,0,0
#levelTree,10,merge,1,0,0,0,1,0,0
#levelTree,10,mergeSort,1253,1218,7,12,0,16,0
#levelTree,11,inputTree,255,252,0,0,1,2,0
#levelTree,11,lazyMergeSort,1,1,0,0,0,0,0
#levelTree,11,merge,1,0,0,0,1,0,0
#levelTree,11,mergeSort,1253,1224,10,7,0,12,0
#levelTree,12,inputTree,255,250,0,0,3,2,0
#levelTree,12,lazyMergeSort,1,1,0,0,0,0,0
#levelTree,12,merge,1,0,0,0,1,0,0
#levelTree,12,mergeSort,1253,1181,42,7,0,23,12
#levelTree,13,inputTree,255,252,0,0,1,2,0
#levelTree,13,lazyMergeSort,1,1,0,0,0,0,0
#levelTree,13,merge,1,0,0,0,1,0,0
#levelTree,13,mergeSort,1253,1230,8,4,0,11,0
#levelTree,14,inputTree,255,252,0,0,1,2,0
#levelTree,14,lazyMergeSort,1,1,0,0,0,0,0
#levelTree,14,merge,1,0,0,0,1,0,0
#levelTree,14,mergeSort,1253,1219,20,2,0,12,0
#levelTree,15,inputTree,255,252,0,0,1,2,0
#levelTree,15,lazyMergeSort,1,1,0,0,0,0,0
#levelTree,15,merge,1,0,0,0,1,0,0
#levelTree,15,mergeSort,1253,1230,6,6,0,11,0
#levelTree,16,inputTree,255,252,0,0,1,2,0
#levelTree,16,lazyMergeSort,1,1,0,0,0,0,0
#levelTree,16,merge,1,0,0,0,1,0,0
#levelTree,16,mergeSort,1253,1223,12,4,0,14,0
#levelTree,17,inputTree,255,250,0,0,3,2,0
#levelTree,17,lazyMergeSort,1,1,0,0,0,0,0
#levelTree,17,merge,1,0,0,0,1,0,0
#levelTree,17,mergeSort,1253,1129,74,6,0,44,30
#levelTree,18,inputTree,255,251,0,0,2,2,0
#levelTree,18,lazyMergeSort,1,1,0,0,0,0,0
#levelTree,18,merge,1,0,0,0,1,0,0
#levelTree,18,mergeSort,1253,1223,14,4,0,12,1
#levelTree,19,inputTree,255,252,0,0,1,2,0
#levelTree,19,lazyMergeSort,1,1,0,0,0,0,0
#levelTree,19,merge,1,0,0,0,1,0,0
#levelTree,19,mergeSort,1253,1225,14,2,0,12,0
#levelTree,20,inputTree,255,252,0,0,1,2,0
#levelTree,20,lazyMergeSort,1,1,0,0,0,0,0
#levelTree,20,merge,1,0,0,0,1,0,0
#levelTree,20,mergeSort,1253,1227,7,7,0,12,0
#levelTree,21,inputTree,255,252,0,0,1,2,0
#levelTree,21,lazyMergeSort,1,1,0,0,0,0,0
#levelTree,21,merge,1,0,0,0,1,0,0
#levelTree,21,mergeSort,1253,1224,12,5,0,12,0
#levelTree,22,inputTree,255,250,0,0,3,2,0
#levelTree,22,lazyMergeSort,1,1,0,0,0,0,0
#levelTree,22,merge,1,0,0,0,1,0,0
#levelTree,22,mergeSort,1253,1217,19,3,0,14,2
#levelTree,23,inputTree,255,252,0,0,1,2,0
#levelTree,23,lazyMergeSort,1,1,0,0,0,0,0
#levelTree,23,merge,1,0,0,0,1,0,0
#levelTree,23,mergeSort,1253,1226,11,5,0,11,0
#levelTree,24,inputTree,255,251,0,0,2,2,0
#levelTree,24,lazyMergeSort,1,1,0,0,0,0,0
#levelTree,24,merge,1,0,0,0,1,0,0
#levelTree,24,mergeSort,1253,1171,50,3,0,29,10
#levelTree,25,inputTree,255,251,0,0,2,2,0
#levelTree,25,lazyMergeSort,1,1,0,0,0,0,0
#levelTree,25,merge,1,0,0,0,1,0,0
#levelTree,25,mergeSort,1253,1193,28,8,0,24,4
#levelTree,26,inputTree,255,251,0,0,2,2,0
#levelTree,26,lazyMergeSort,1,1,0,0,0,0,0
#levelTree,26,merge,1,0,0,0,1,0,0
#levelTree,26,mergeSort,1253,1221,9,8,0,15,1
#levelTree,27,inputTree,255,252,0,0,1,2,0
#levelTree,27,lazyMergeSort,1,1,0,0,0,0,0
#levelTree,27,merge,1,0,0,0,1,0,0
#levelTree,27,mergeSort,1253,1225,12,5,0,11,0
#levelTree,28,inputTree,255,250,0,0,3,2,0
#levelTree,28,lazyMergeSort,1,1,0,0,0,0,0
#levelTree,28,merge,1,0,0,0,1,0,0
#levelTree,28,mergeSort,1253,1213,18,7,0,15,3
#levelTree,29,inputTree,255,252,0,0,1,2,0
#levelTree,29,lazyMergeSort,1,1,0,0,0,0,0
#levelTree,29,merge,1,0,0,0,1,0,0
#levelTree,29,mergeSort,1253,1221,8,9,0,15,0
#levelTree,30,inputTree,255,252,0,0,1,2,0
#levelTree,30,lazyMergeSort,1,1,0,0,0,0,0
#levelTree,30,merge,1,0,0,0,1,0,0
#levelTree,30,mergeSort,1253,1223,13,4,0,13,0
#levelTree,31,inputTree,255,252,0,0,1,2,0
#levelTree,31,lazyMergeSort,1,1,0,0,0,0,0
#levelTree,31,merge,1,0,0,0,1,0,0
#levelTree,31,mergeSort,1253,1223,8,8,0,14,0
#levelTree,32,inputTree,255,252,0,0,1,2,0
#levelTree,32,lazyMergeSort,1,1,0,0,0,0,0
#levelTree,32,merge,1,0,0,0,1,0,0
#levelTree,32,mergeSort,1253,1220,12,5,0,16,0
#levelTree,33,inputTree,255,250,0,0,3,2,0
#levelTree,33,lazyMergeSort,1,1,0,0,0,0,0
#levelTree,33,merge,1,0,0,0,1,0,0
#levelTree,33,mergeSort,1253,1193,27,8,0,25,9
#levelTree,34,inputTree,255,251,0,0,2,2,0
#levelTree,34,lazyMergeSort,1,1,0,0,0,0,0
#levelTree,34,merge,1,0,0,0,1,0,0
#levelTree,34,mergeSort,1253,1215,14,8,0,16,1
#levelTree,35,inputTree,255,252,0,0,1,2,0
#levelTree,35,lazyMergeSort,1,1,0,0,0,0,0
#levelTree,35,merge,1,0,0,0,1,0,0
#levelTree,35,mergeSort,1253,1223,7,8,0,15,0
#levelTree,36,inputTree,255,252,0,0,1,2,0
#levelTree,36,lazyMergeSort,1,1,0,0,0,0,0
#levelTree,36,merge,1,0,0,0,1,0,0
#levelTree,36,mergeSort,1253,1227,12,1,0,13,0
#levelTree,37,inputTree,255,251,0,0,2,2,0
#levelTree,37,lazyMergeSort,1,1,0,0,0,0,0
#levelTree,37,merge,1,0,0,0,1,0,0
#levelTree,37,mergeSort,1253,1217,16,6,0,14,1
#levelTree,38,inputTree,255,252,0,0,1,2,0
#levelTree,38,lazyMergeSort,1,1,0,0,0,0,0
#levelTree,38,merge,1,0,0,0,1,0,0
#levelTree,38,mergeSort,1253,1226,8,6,0,13,0
#levelTree,39,inputTree,255,248,0,0,5,2,0
#levelTree,39,lazyMergeSort,1,1,0,0,0,0,0
#levelTree,39,merge,1,1,0,0,0,0,0
#levelTree,39,mergeSort,1253,1034,144,4,0,71,69
#levelTree,40,inputTree,255,251,0,0,2,2,0
#levelTree,40,lazyMergeSort,1,1,0,0,0,0,0
#levelTree,40,merge,1,0,0,0,1,0,0
#levelTree,40,mergeSort,1253,1206,27,4,0,16,1
#levelTree,41,inputTree,255,251,0,0,2,2,0
#levelTree,41,lazyMergeSort,1,1,0,0,0,0,0
#levelTree,41,merge,1,0,0,0,1,0,0
#levelTree,41,mergeSort,1253,1219,17,5,0,12,1
#levelTree,42,inputTree,255,252,0,0,1,2,0
#levelTree,42,lazyMergeSort,1,1,0,0,0,0,0
#levelTree,42,merge,1,0,0,0,1,0,0
#levelTree,42,mergeSort,1253,1226,13,4,0,10,0
#levelTree,43,inputTree,255,249,0,0,4,2,0
#levelTree,43,lazyMergeSort,1,1,0,0,0,0,0
#levelTree,43,merge,1,0,0,0,1,0,0
#levelTree,43,mergeSort,1253,1154,64,7,0,28,14
#levelTree,44,inputTree,255,252,0,0,1,2,0
#levelTree,44,lazyMergeSort,1,1,0,0,0,0,0
#levelTree,44,merge,1,0,0,0,1,0,0
#levelTree,44,mergeSort,1253,1224,10,7,0,12,0
#levelTree,45,inputTree,255,251,0,0,2,2,0
#levelTree,45,lazyMergeSort,1,1,0,0,0,0,0
#levelTree,45,merge,1,0,0,0,1,0,0
#levelTree,45,mergeSort,1253,1214,25,3,0,11,1
#levelTree,46,inputTree,255,252,0,0,1,2,0
#levelTree,46,lazyMergeSort,1,1,0,0,0,0,0
#levelTree,46,merge,1,0,0,0,1,0,0
#levelTree,46,mergeSort,1253,1227,9,5,0,12,0
#levelTree,47,inputTree,255,249,0,0,4,2,0
#levelTree,47,lazyMergeSort,1,1,0,0,0,0,0
#levelTree,47,merge,1,0,0,0,1,0,0
#levelTree,47,mergeSort,1253,1174,40,10,0,29,16
#levelTree,48,inputTree,255,251,0,0,2,2,0
#levelTree,48,lazyMergeSort,1,1,0,0,0,0,0
#levelTree,48,merge,1,0,0,0,1,0,0
#levelTree,48,mergeSort,1253,1216,14,7,0,16,1
#levelTree,49,inputTree,255,252,0,0,1,2,0
#levelTree,49,lazyMergeSort,1,1,0,0,0,0,0
#levelTree,49,merge,1,0,0,0,1,0,0
#levelTree,49,mergeSort,1253,1223,16,3,0,11,0
#levelTree,50,inputTree,255,251,0,0,2,2,0
#levelTree,50,lazyMergeSort,1,1,0,0,0,0,0
#levelTree,50,merge,1,0,0,0,1,0,0
#levelTree,50,mergeSort,1253,1194,30,5,0,24,7
#levelTree,51,inputTree,255,251,0,0,2,2,0
#levelTree,51,lazyMergeSort,1,1,0,0,0,0,0
#levelTree,51,merge,1,0,0,0,1,0,0
#levelTree,51,mergeSort,1253,1213,11,10,0,19,2
#levelTree,52,inputTree,255,251,0,0,2,2,0
#levelTree,52,lazyMergeSort,1,1,0,0,0,0,0
#levelTree,52,merge,1,0,0,0,1,0,0
#levelTree,52,mergeSort,1253,1220,14,5,0,14,2
#levelTree,53,inputTree,255,251,0,0,2,2,0
#levelTree,53,lazyMergeSort,1,1,0,0,0,0,0
#levelTree,53,merge,1,0,0,0,1,0,0
#levelTree,53,mergeSort,1253,1221,15,5,0,12,0
#levelTree,54,inputTree,255,252,0,0,1,2,0
#levelTree,54,lazyMergeSort,1,1,0,0,0,0,0
#levelTree,54,merge,1,0,0,0,1,0,0
#levelTree,54,mergeSort,1253,1205,11,17,0,20,0
#levelTree,55,inputTree,255,252,0,0,1,2,0
#levelTree,55,lazyMergeSort,1,1,0,0,0,0,0
#levelTree,55,merge,1,0,0,0,1,0,0
#levelTree,55,mergeSort,1253,1217,4,13,0,19,0
#levelTree,56,inputTree,255,252,0,0,1,2,0
#levelTree,56,lazyMergeSort,1,1,0,0,0,0,0
#levelTree,56,merge,1,0,0,0,1,0,0
#levelTree,56,mergeSort,1253,1219,8,9,0,17,0
#levelTree,57,inputTree,255,251,0,0,2,2,0
#levelTree,57,lazyMergeSort,1,1,0,0,0,0,0
#levelTree,57,merge,1,0,0,0,1,0,0
#levelTree,57,mergeSort,1253,1209,12,11,0,21,6
#levelTree,58,inputTree,255,252,0,0,1,2,0
#levelTree,58,lazyMergeSort,1,1,0,0,0,0,0
#levelTree,58,merge,1,0,0,0,1,0,0
#levelTree,58,mergeSort,1253,1228,15,0,0,10,0
#levelTree,59,inputTree,255,251,0,0,2,2,0
#levelTree,59,lazyMergeSort,1,1,0,0,0,0,0
#levelTree,59,merge,1,0,0,0,1,0,0
#levelTree,59,mergeSort,1253,1203,25,3,0,22,8
#levelTree,60,inputTree,255,251,0,0,2,2,0
#levelTree,60,lazyMergeSort,1,1,0,0,0,0,0
#levelTree,60,merge,1,0,0,0,1,0,0
#levelTree,60,mergeSort,1253,1209,21,6,0,17,1
#levelTree,61,inputTree,255,251,0,0,2,2,0
#levelTree,61,lazyMergeSort,1,1,0,0,0,0,0
#levelTree,61,merge,1,0,0,0,1,0,0
#levelTree,61,mergeSort,1253,1215,12,9,0,17,1
#levelTree,62,inputTree,255,252,0,0,1,2,0
#levelTree,62,lazyMergeSort,1,1,0,0,0,0,0
#levelTree,62,merge,1,0,0,0,1,0,0
#levelTree,62,mergeSort,1253,1224,13,4,0,12,0
#levelTree,63,inputTree,255,252,0,0,1,2,0
#levelTree,63,lazyMergeSort,1,1,0,0,0,0,0
#levelTree,63,merge,1,0,0,0,1,0,0
#levelTree,63,mergeSort,1253,1223,5,10,0,15,0
#levelTree,64,inputTree,255,248,0,0,5,2,0
#levelTree,64,lazyMergeSort,1,1,0,0,0,0,0
#levelTree,64,merge,1,0,0,0,1,0,0
#levelTree,64,mergeSort,1253,1167,56,4,0,26,10
#levelTree,65,inputTree,255,252,0,0,1,2,0
#levelTree,65,lazyMergeSort,1,1,0,0,0,0,0
#levelTree,65,merge,1,0,0,0,1,0,0
#levelTree,65,mergeSort,1253,1222,19,2,0,10,0
#levelTree,66,inputTree,255,252,0,0,1,2,0
#levelTree,66,lazyMergeSort,1,1,0,0,0,0,0
#levelTree,66,merge,1,0,0,0,1,0,0
#levelTree,66,mergeSort,1253,1220,15,6,0,12,0
#levelTree,67,inputTree,255,252,0,0,1,2,0
#levelTree,67,lazyMergeSort,1,1,0,0,0,0,0
#levelTree,67,merge,1,0,0,0,1,0,0
#levelTree,67,mergeSort,1253,1199,27,4,0,23,0
#levelTree,68,inputTree,255,248,0,0,5,2,0
#levelTree,68,lazyMergeSort,1,1,0,0,0,0,0
#levelTree,68,merge,1,0,0,0,1,0,0
#levelTree,68,mergeSort,1253,987,180,2,0,84,55
#levelTree,69,inputTree,255,252,0,0,1,2,0
#levelTree,69,lazyMergeSort,1,1,0,0,0,0,0
#levelTree,69,merge,1,0,0,0,1,0,0
#levelTree,69,mergeSort,1253,1216,24,3,0,10,0
#levelTree,70,inputTree,255,250,0,0,3,2,0
#levelTree,70,lazyMergeSort,1,1,0,0,0,0,0
#levelTree,70,merge,1,0,0,0,1,0,0
#levelTree,70,mergeSort,1253,1194,40,4,0,15,5
#levelTree,71,inputTree,255,252,0,0,1,2,0
#levelTree,71,lazyMergeSort,1,1,0,0,0,0,0
#levelTree,71,merge,1,0,0,0,1,0,0
#levelTree,71,mergeSort,1253,1231,9,3,0,10,0
#levelTree,72,inputTree,255,252,0,0,1,2,0
#levelTree,72,lazyMergeSort,1,1,0,0,0,0,0
#levelTree,72,merge,1,0,0,0,1,0,0
#levelTree,72,mergeSort,1253,1234,3,6,0,10,0
#levelTree,73,inputTree,255,249,0,0,4,2,0
#levelTree,73,lazyMergeSort,1,1,0,0,0,0,0
#levelTree,73,merge,1,0,0,0,1,0,0
#levelTree,73,mergeSort,1253,1198,40,2,0,13,3
#levelTree,74,inputTree,255,252,0,0,1,2,0
#levelTree,74,lazyMergeSort,1,1,0,0,0,0,0
#levelTree,74,merge,1,0,0,0,1,0,0
#levelTree,74,mergeSort,1253,1233,7,4,0,9,0
#levelTree,75,inputTree,255,252,0,0,1,2,0
#levelTree,75,lazyMergeSort,1,1,0,0,0,0,0
#levelTree,75,merge,1,0,0,0,1,0,0
#levelTree,75,mergeSort,1253,1233,4,6,0,10,0
#levelTree,76,inputTree,255,250,0,0,3,2,0
#levelTree,76,lazyMergeSort,1,1,0,0,0,0,0
#levelTree,76,merge,1,0,0,0,1,0,0
#levelTree,76,mergeSort,1253,1180,51,2,0,20,10
#levelTree,77,inputTree,255,251,0,0,2,2,0
#levelTree,77,lazyMergeSort,1,1,0,0,0,0,0
#levelTree,77,merge,1,0,0,0,1,0,0
#levelTree,77,mergeSort,1253,1212,25,3,0,13,2
#levelTree,78,inputTree,255,251,0,0,2,2,0
#levelTree,78,lazyMergeSort,1,1,0,0,0,0,0
#levelTree,78,merge,1,0,0,0,1,0,0
#levelTree,78,mergeSort,1253,1225,8,7,0,13,2
#levelTree,79,inputTree,255,252,0,0,1,2,0
#levelTree,79,lazyMergeSort,1,1,0,0,0,0,0
#levelTree,79,merge,1,0,0,0,1,0,0
#levelTree,79,mergeSort,1253,1170,56,0,0,27,0
#levelTree,80,inputTree,255,252,0,0,1,2,0
#levelTree,80,lazyMergeSort,1,1,0,0,0,0,0
#levelTree,80,merge,1,0,0,0,1,0,0
#levelTree,80,mergeSort,1253,1229,10,4,0,10,0
#levelTree,81,inputTree,255,248,0,0,5,2,0
#levelTree,81,lazyMergeSort,1,1,0,0,0,0,0
#levelTree,81,merge,1,0,0,0,1,0,0
#levelTree,81,mergeSort,1253,1052,130,3,0,68,14
#levelTree,82,inputTree,255,252,0,0,1,2,0
#levelTree,82,lazyMergeSort,1,1,0,0,0,0,0
#levelTree,82,merge,1,0,0,0,1,0,0
#levelTree,82,mergeSort,1253,1239,6,2,0,6,0
#levelTree,83,inputTree,255,251,0,0,2,2,0
#levelTree,83,lazyMergeSort,1,1,0,0,0,0,0
#levelTree,83,merge,1,0,0,0,1,0,0
#levelTree,83,mergeSort,1253,1188,56,1,0,8,0
#levelTree,84,inputTree,255,252,0,0,1,2,0
#levelTree,84,lazyMergeSort,1,1,0,0,0,0,0
#levelTree,84,merge,1,0,0,0,1,0,0
#levelTree,84,mergeSort,1253,1204,38,3,0,8,0
#levelTree,85,inputTree,255,252,0,0,1,2,0
#levelTree,85,lazyMergeSort,1,1,0,0,0,0,0
#levelTree,85,merge,1,0,0,0,1,0,0
#levelTree,85,mergeSort,1253,1228,15,2,0,8,0
#levelTree,86,inputTree,255,247,0,0,6,2,0
#levelTree,86,lazyMergeSort,1,1,0,0,0,0,0
#levelTree,86,merge,1,0,0,0,1,0,0
#levelTree,86,mergeSort,1253,872,236,13,0,132,186
#levelTree,87,inputTree,255,251,0,0,2,2,0
#levelTree,87,lazyMergeSort,1,1,0,0,0,0,0
#levelTree,87,merge,1,0,0,0,1,0,0
#levelTree,87,mergeSort,1253,1226,14,3,0,10,1
#levelTree,88,inputTree,255,252,0,0,1,2,0
#levelTree,88,lazyMergeSort,1,1,0,0,0,0,0
#levelTree,88,merge,1,0,0,0,1,0,0
#levelTree,88,mergeSort,1253,1231,11,2,0,9,0
#levelTree,89,inputTree,255,251,0,0,2,2,0
#levelTree,89,lazyMergeSort,1,1,0,0,0,0,0
#levelTree,89,merge,1,0,0,0,1,0,0
#levelTree,89,mergeSort,1253,1206,29,3,0,15,6
#levelTree,90,inputTree,255,251,0,0,2,2,0
#levelTree,90,lazyMergeSort,1,1,0,0,0,0,0
#levelTree,90,merge,1,0,0,0,1,0,0
#levelTree,90,mergeSort,1253,1231,7,5,0,10,1
#levelTree,91,inputTree,255,252,0,0,1,2,0
#levelTree,91,lazyMergeSort,1,1,0,0,0,0,0
#levelTree,91,merge,1,0,0,0,1,0,0
#levelTree,91,mergeSort,1253,1231,10,3,0,9,0
#levelTree,92,inputTree,255,250,0,0,3,2,0
#levelTree,92,lazyMergeSort,1,1,0,0,0,0,0
#levelTree,92,merge,1,0,0,0,1,0,0
#levelTree,92,mergeSort,1253,1216,23,2,0,12,1
#levelTree,93,inputTree,255,252,0,0,1,2,0
#levelTree,93,lazyMergeSort,1,1,0,0,0,0,0
#levelTree,93,merge,1,0,0,0,1,0,0
#levelTree,93,mergeSort,1253,1236,4,4,0,9,0
#levelTree,94,inputTree,255,250,0,0,3,2,0
#levelTree,94,lazyMergeSort,1,1,0,0,0,0,0
#levelTree,94,merge,1,0,0,0,1,0,0
#levelTree,94,mergeSort,1253,1164,59,5,0,25,18
#levelTree,95,inputTree,255,251,0,0,2,2,0
#levelTree,95,lazyMergeSort,1,1,0,0,0,0,0
#levelTree,95,merge,1,0,0,0,1,0,0
#levelTree,95,mergeSort,1253,1226,12,4,0,11,1
#levelTree,96,inputTree,255,252,0,0,1,2,0
#levelTree,96,lazyMergeSort,1,1,0,0,0,0,0
#levelTree,96,merge,1,0,0,0,1,0,0
#levelTree,96,mergeSort,1253,1226,11,3,0,13,0
#levelTree,97,inputTree,255,252,0,0,1,2,0
#levelTree,97,lazyMergeSort,1,1,0,0,0,0,0
#levelTree,97,merge,1,0,0,0,1,0,0
#levelTree,97,mergeSort,1253,1228,11,5,0,9,0
#levelTree,98,inputTree,255,249,0,0,4,2,0
#levelTree,98,lazyMergeSort,1,1,0,0,0,0,0
#levelTree,98,merge,1,0,0,0,1,0,0
#levelTree,98,mergeSort,1253,1202,31,2,0,18,8
#levelTree,99,inputTree,255,252,0,0,1,2,0
#levelTree,99,lazyMergeSort,1,1,0,0,0,0,0
#levelTree,99,merge,1,0,0,0,1,0,0
#levelTree,99,mergeSort,1253,1225,17,2,0,9,0
#levelTree,100,inputTree,255,249,0,0,4,2,0
#levelTree,100,lazyMergeSort,1,1,0,0,0,0,0
#levelTree,100,merge,1,0,0,0,1,0,0
#levelTree,100,mergeSort,1253,1214,23,3,0,13,5
#levelTree,101,inputTree,255,251,0,0,2,2,0
#levelTree,101,lazyMergeSort,1,1,0,0,0,0,0
#levelTree,101,merge,1,0,0,0,1,0,0
#levelTree,101,mergeSort,1253,1224,13,4,0,12,0
#levelTree,102,inputTree,255,251,0,0,2,2,0
#levelTree,102,lazyMergeSort,1,1,0,0,0,0,0
#levelTree,102,merge,1,0,0,0,1,0,0
#levelTree,102,mergeSort,1253,1224,11,5,0,13,1
#levelTree,103,inputTree,255,252,0,0,1,2,0
#levelTree,103,lazyMergeSort,1,1,0,0,0,0,0
#levelTree,103,merge,1,0,0,0,1,0,0
#levelTree,103,mergeSort,1253,1228,7,6,0,12,0
#levelTree,104,inputTree,255,252,0,0,1,2,0
#levelTree,104,lazyMergeSort,1,1,0,0,0,0,0
#levelTree,104,merge,1,0,0,0,1,0,0
#levelTree,104,mergeSort,1253,1223,15,2,0,13,0
#levelTree,105,inputTree,255,246,0,0,7,2,0
#levelTree,105,lazyMergeSort,1,1,0,0,0,0,0
#levelTree,105,merge,1,0,0,0,1,0,0
#levelTree,105,mergeSort,1253,1014,185,2,0,52,42
#levelTree,106,inputTree,255,252,0,0,1,2,0
#levelTree,106,lazyMergeSort,1,1,0,0,0,0,0
#levelTree,106,merge,1,0,0,0,1,0,0
#levelTree,106,mergeSort,1253,1225,14,5,0,9,0
#levelTree,107,inputTree,255,252,0,0,1,2,0
#levelTree,107,lazyMergeSort,1,1,0,0,0,0,0
#levelTree,107,merge,1,0,0,0,1,0,0
#levelTree,107,mergeSort,1253,1235,8,2,0,8,0
#levelTree,108,inputTree,255,252,0,0,1,2,0
#levelTree,108,lazyMergeSort,1,1,0,0,0,0,0
#levelTree,108,merge,1,0,0,0,1,0,0
#levelTree,108,mergeSort,1253,1222,22,1,0,8,0
#levelTree,109,inputTree,255,249,0,0,4,2,0
#levelTree,109,lazyMergeSort,1,1,0,0,0,0,0
#levelTree,109,merge,1,0,0,0,1,0,0
#levelTree,109,mergeSort,1253,1155,67,1,0,30,9
#levelTree,110,inputTree,255,252,0,0,1,2,0
#levelTree,110,lazyMergeSort,1,1,0,0,0,0,0
#levelTree,110,merge,1,0,0,0,1,0,0
#levelTree,110,mergeSort,1253,1229,13,3,0,8,0
#levelTree,111,inputTree,255,250,0,0,3,2,0
#levelTree,111,lazyMergeSort,1,1,0,0,0,0,0
#levelTree,111,merge,1,0,0,0,1,0,0
#levelTree,111,mergeSort,1253,1227,13,3,0,10,2
#levelTree,112,inputTree,255,252,0,0,1,2,0
#levelTree,112,lazyMergeSort,1,1,0,0,0,0,0
#levelTree,112,merge,1,0,0,0,1,0,0
#levelTree,112,mergeSort,1253,1235,5,4,0,9,0
#levelTree,113,inputTree,255,249,0,0,4,2,0
#levelTree,113,lazyMergeSort,1,1,0,0,0,0,0
#levelTree,113,merge,1,0,0,0,1,0,0
#levelTree,113,mergeSort,1253,1173,47,6,0,27,21
#levelTree,114,inputTree,255,251,0,0,2,2,0
#levelTree,114,lazyMergeSort,1,1,0,0,0,0,0
#levelTree,114,merge,1,0,0,0,1,0,0
#levelTree,114,mergeSort,1253,1222,18,2,0,11,2
#levelTree,115,inputTree,255,251,0,0,2,2,0
#levelTree,115,lazyMergeSort,1,1,0,0,0,0,0
#levelTree,115,merge,1,0,0,0,1,0,0
#levelTree,115,mergeSort,1253,1224,7,8,0,14,1
#levelTree,116,inputTree,255,252,0,0,1,2,0
#levelTree,116,lazyMergeSort,1,1,0,0,0,0,0
#levelTree,116,merge,1,0,0,0,1,0,0
#levelTree,116,mergeSort,1253,1225,9,6,0,13,0
#levelTree,117,inputTree,255,252,0,0,1,2,0
#levelTree,117,lazyMergeSort,1,1,0,0,0,0,0
#levelTree,117,merge,1,0,0,0,1,0,0
#levelTree,117,mergeSort,1253,1224,12,5,0,12,0
#levelTree,118,inputTree,255,250,0,0,3,2,0
#levelTree,118,lazyMergeSort,1,1,0,0,0,0,0
#levelTree,118,merge,1,0,0,0,1,0,0
#levelTree,118,mergeSort,1253,1216,19,4,0,14,1
#levelTree,119,inputTree,255,252,0,0,1,2,0
#levelTree,119,lazyMergeSort,1,1,0,0,0,0,0
#levelTree,119,merge,1,0,0,0,1,0,0
#levelTree,119,mergeSort,1253,1230,7,5,0,11,0
#levelTree,120,inputTree,255,251,0,0,2,2,0
#levelTree,120,lazyMergeSort,1,1,0,0,0,0,0
#levelTree,120,merge,1,0,0,0,1,0,0
#levelTree,120,mergeSort,1253,1209,21,4,0,19,9
#levelTree,121,inputTree,255,251,0,0,2,2,0
#levelTree,121,lazyMergeSort,1,1,0,0,0,0,0
#levelTree,121,merge,1,0,0,0,1,0,0
#levelTree,121,mergeSort,1253,1222,13,6,0,12,2
#levelTree,122,inputTree,255,252,0,0,1,2,0
#levelTree,122,lazyMergeSort,1,1,0,0,0,0,0
#levelTree,122,merge,1,0,0,0,1,0,0
#levelTree,122,mergeSort,1253,1229,11,3,0,10,0
#levelTree,123,inputTree,255,252,0,0,1,2,0
#levelTree,123,lazyMergeSort,1,1,0,0,0,0,0
#levelTree,123,merge,1,0,0,0,1,0,0
#levelTree,123,mergeSort,1253,1229,9,4,0,11,0
#levelTree,124,inputTree,255,249,0,0,4,2,0
#levelTree,124,lazyMergeSort,1,1,0,0,0,0,0
#levelTree,124,merge,1,0,0,0,1,0,0
#levelTree,124,mergeSort,1253,1188,38,4,0,23,16
#levelTree,125,inputTree,255,252,0,0,1,2,0
#levelTree,125,lazyMergeSort,1,1,0,0,0,0,0
#levelTree,125,merge,1,0,0,0,1,0,0
#levelTree,125,mergeSort,1253,1231,8,4,0,10,0
#levelTree,126,inputTree,255,249,0,0,4,2,0
#levelTree,126,lazyMergeSort,1,1,0,0,0,0,0
#levelTree,126,merge,1,0,0,0,1,0,0
#levelTree,126,mergeSort,1253,1207,31,3,0,12,4
#levelTree,127,inputTree,255,252,0,0,1,2,0
#levelTree,127,lazyMergeSort,1,1,0,0,0,0,0
#levelTree,127,merge,1,0,0,0,1,0,0
#levelTree,127,mergeSort,1253,1235,7,2,0,9,0
#levelTree,128,inputTree,255,252,0,0,1,2,0
#levelTree,128,lazyMergeSort,1,1,0,0,0,0,0
#levelTree,128,merge,1,0,0,0,1,0,0
#levelTree,128,mergeSort,1253,1229,10,4,0,10,0
#contracted,2,inputTree,255,251,0,0,2,2,0
#contracted,2,lazyMergeSort,1,1,0,0,0,0,0
#contracted,2,merge,1,0,0,0,1,0,0
#contracted,2,mergeSort,1045,997,33,1,0,14,1
#contracted,3,inputTree,255,242,0,0,11,2,0
#contracted,3,lazyMergeSort,1,1,0,0,0,0,0
#contracted,3,merge,1,0,0,0,1,0,0
#contracted,3,mergeSort,1045,754,219,0,0,72,69
#contracted,4,inputTree,255,244,0,0,9,2,0
#contracted,4,lazyMergeSort,1,1,0,0,0,0,0
#contracted,4,merge,1,0,0,0,1,0,0
#contracted,4,mergeSort,1045,760,212,0,0,73,69
#contracted,5,inputTree,255,250,0,0,3,2,0
#contracted,5,lazyMergeSort,1,1,0,0,0,0,0
#contracted,5,merge,1,0,0,0,1,0,0
#contracted,5,mergeSort,1045,1014,23,0,0,8,1
#contracted,6,inputTree,255,245,0,0,8,2,0
#contracted,6,lazyMergeSort,1,1,0,0,0,0,0
#contracted,6,merge,1,0,0,0,1,0,0
#contracted,6,mergeSort,1045,777,219,0,0,49,43
#contracted,7,inputTree,255,250,0,0,3,2,0
#contracted,7,lazyMergeSort,1,1,0,0,0,0,0
#contracted,7,merge,1,0,0,0,1,0,0
#contracted,7,mergeSort,1045,1010,23,2,0,10,1
#contracted,8,inputTree,255,251,0,0,2,2,0
#contracted,8,lazyMergeSort,1,1,0,0,0,0,0
#contracted,8,merge,1,0,0,0,1,0,0
#contracted,8,mergeSort,1045,1022,11,2,0,10,2
#contracted,9,inputTree,255,247,0,0,6,2,0
#contracted,9,lazyMergeSort,1,1,0,0,0,0,0
#contracted,9,merge,1,0,0,0,1,0,0
#contracted,9,mergeSort,1045,975,47,1,0,22,17
#contracted,10,inputTree,255,242,0,0,11,2,0
#contracted,10,lazyMergeSort,1,1,0,0,0,0,0
#contracted,10,merge,1,0,0,0,1,0,0
#contracted,10,mergeSort,1045,745,224,0,0,76,70
#contracted,11,inputTree,255,234,0,0,19,2,0
#contracted,11,lazyMergeSort,1,1,0,0,0,0,0
#contracted,11,merge,1,0,0,0,1,0,0
#contracted,11,mergeSort,1045,306,480,2,0,257,329
#contracted,12,inputTree,255,235,0,0,18,2,0
#contracted,12,lazyMergeSort,1,1,0,0,0,0,0
#contracted,12,merge,1,0,0,0,1,0,0
#contracted,12,mergeSort,1045,307,478,2,0,258,330
#contracted,13,inputTree,255,235,0,0,18,2,0
#contracted,13,lazyMergeSort,1,1,0,0,0,0,0
#contracted,13,merge,1,0,0,0,1,0,0
#contracted,13,mergeSort,1045,306,480,3,0,256,328
#contracted,14,inputTree,255,237,0,0,16,2,0
#contracted,14,lazyMergeSort,1,1,0,0,0,0,0
#contracted,14,merge,1,0,0,0,1,0,0
#contracted,14,mergeSort,1045,310,477,3,0,255,327
#contracted,15,inputTree,255,248,0,0,5,2,0
#contracted,15,lazyMergeSort,1,1,0,0,0,0,0
#contracted,15,merge,1,0,0,0,1,0,0
#contracted,15,mergeSort,1045,1003,25,2,0,15,5
#contracted,16,inputTree,255,248,0,0,5,2,0
#contracted,16,lazyMergeSort,1,1,0,0,0,0,0
#contracted,16,merge,1,0,0,0,1,0,0
#contracted,16,mergeSort,1045,1003,25,3,0,14,4
#contracted,17,inputTree,255,250,0,0,3,2,0
#contracted,17,lazyMergeSort,1,1,0,0,0,0,0
#contracted,17,merge,1,0,0,0,1,0,0
#contracted,17,mergeSort,1045,1007,22,2,0,14,4
#contracted,18,inputTree,255,239,0,0,14,2,0
#contracted,18,lazyMergeSort,1,1,0,0,0,0,0
#contracted,18,merge,1,0,0,0,1,0,0
#contracted,18,mergeSort,1045,329,464,3,0,249,320
#contracted,19,inputTree,255,240,0,0,13,2,0
#contracted,19,lazyMergeSort,1,1,0,0,0,0,0
#contracted,19,merge,1,0,0,0,1,0,0
#contracted,19,mergeSort,1045,328,465,4,0,248,321
#contracted,20,inputTree,255,248,0,0,5,2,0
#contracted,20,lazyMergeSort,1,1,0,0,0,0,0
#contracted,20,merge,1,0,0,0,1,0,0
#contracted,20,mergeSort,1045,849,133,1,0,62,53
#contracted,21,inputTree,255,250,0,0,3,2,0
#contracted,21,lazyMergeSort,1,1,0,0,0,0,0
#contracted,21,merge,1,0,0,0,1,0,0
#contracted,21,mergeSort,1045,1016,16,3,0,10,1
#contracted,22,inputTree,255,251,0,0,2,2,0
#contracted,22,lazyMergeSort,1,1,0,0,0,0,0
#contracted,22,merge,1,0,0,0,1,0,0
#contracted,22,mergeSort,1045,1020,12,2,0,11,2
#contracted,23,inputTree,255,241,0,0,12,2,0
#contracted,23,lazyMergeSort,1,1,0,0,0,0,0
#contracted,23,merge,1,1,0,0,0,0,0
#contracted,23,mergeSort,1045,406,504,0,0,135,133
#contracted,24,inputTree,255,243,0,0,10,2,0
#contracted,24,lazyMergeSort,1,1,0,0,0,0,0
#contracted,24,merge,1,1,0,0,0,0,0
#contracted,24,mergeSort,1045,410,501,0,0,134,132
#contracted,25,inputTree,255,240,0,0,13,2,0
#contracted,25,lazyMergeSort,1,1,0,0,0,0,0
#contracted,25,merge,1,0,0,0,1,0,0
#contracted,25,mergeSort,1045,331,503,0,0,211,277
#contracted,26,inputTree,255,240,0,0,13,2,0
#contracted,26,lazyMergeSort,1,1,0,0,0,0,0
#contracted,26,merge,1,0,0,0,1,0,0
#contracted,26,mergeSort,1045,334,491,0,0,220,287
#contracted,27,inputTree,255,248,0,0,5,2,0
#contracted,27,lazyMergeSort,1,1,0,0,0,0,0
#contracted,27,merge,1,0,0,0,1,0,0
#contracted,27,mergeSort,1045,1002,29,1,0,13,3
#contracted,28,inputTree,255,249,0,0,4,2,0
#contracted,28,lazyMergeSort,1,1,0,0,0,0,0
#contracted,28,merge,1,0,0,0,1,0,0
#contracted,28,mergeSort,1045,1009,22,2,0,12,3
#contracted,29,inputTree,255,250,0,0,3,2,0
#contracted,29,lazyMergeSort,1,1,0,0,0,0,0
#contracted,29,merge,1,0,0,0,1,0,0
#contracted,29,mergeSort,1045,1019,13,2,0,11,0
#contracted,30,inputTree,255,251,0,0,2,2,0
#contracted,30,lazyMergeSort,1,1,0,0,0,0,0
#contracted,30,merge,1,0,0,0,1,0,0
#contracted,30,mergeSort,1045,1013,21,1,0,10,0
#contracted,31,inputTree,255,243,0,0,10,2,0
#contracted,31,lazyMergeSort,1,1,0,0,0,0,0
#contracted,31,merge,1,0,0,0,1,0,0
#contracted,31,mergeSort,1045,900,94,1,0,50,41
#contracted,32,inputTree,255,245,0,0,8,2,0
#contracted,32,lazyMergeSort,1,1,0,0,0,0,0
#contracted,32,merge,1,0,0,0,1,0,0
#contracted,32,mergeSort,1045,911,85,0,0,49,40
#contracted,33,inputTree,255,239,0,0,14,2,0
#contracted,33,lazyMergeSort,1,1,0,0,0,0,0
#contracted,33,merge,1,0,0,0,1,0,0
#contracted,33,mergeSort,1045,338,480,1,0,226,289
#contracted,34,inputTree,255,240,0,0,13,2,0
#contracted,34,lazyMergeSort,1,1,0,0,0,0,0
#contracted,34,merge,1,0,0,0,1,0,0
#contracted,34,mergeSort,1045,340,478,0,0,227,289
#contracted,35,inputTree,255,241,0,0,12,2,0
#contracted,35,lazyMergeSort,1,1,0,0,0,0,0
#contracted,35,merge,1,0,0,0,1,0,0
#contracted,35,mergeSort,1045,339,480,0,0,226,288
#contracted,36,inputTree,255,245,0,0,8,2,0
#contracted,36,lazyMergeSort,1,1,0,0,0,0,0
#contracted,36,merge,1,0,0,0,1,0,0
#contracted,36,mergeSort,1045,903,95,0,0,47,38
#contracted,37,inputTree,255,247,0,0,6,2,0
#contracted,37,lazyMergeSort,1,1,0,0,0,0,0
#contracted,37,merge,1,0,0,0,1,0,0
#contracted,37,mergeSort,1045,994,35,2,0,14,4
#contracted,38,inputTree,255,248,0,0,5,2,0
#contracted,38,lazyMergeSort,1,1,0,0,0,0,0
#contracted,38,merge,1,0,0,0,1,0,0
#contracted,38,mergeSort,1045,1001,29,1,0,14,3
#contracted,39,inputTree,255,250,0,0,3,2,0
#contracted,39,lazyMergeSort,1,1,0,0,0,0,0
#contracted,39,merge,1,0,0,0,1,0,0
#contracted,39,mergeSort,1045,1019,11,4,0,11,0
#contracted,40,inputTree,255,251,0,0,2,2,0
#contracted,40,lazyMergeSort,1,1,0,0,0,0,0
#contracted,40,merge,1,0,0,0,1,0,0
#contracted,40,mergeSort,1045,1021,11,3,0,10,0
#contracted,41,inputTree,255,247,0,0,6,2,0
#contracted,41,lazyMergeSort,1,1,0,0,0,0,0
#contracted,41,merge,1,0,0,0,1,0,0
#contracted,41,mergeSort,1045,943,73,3,0,26,15
#contracted,42,inputTree,255,249,0,0,4,2,0
#contracted,42,lazyMergeSort,1,1,0,0,0,0,0
#contracted,42,merge,1,0,0,0,1,0,0
#contracted,42,mergeSort,1045,953,67,1,0,24,13
#contracted,43,inputTree,255,243,0,0,10,2,0
#contracted,43,lazyMergeSort,1,1,0,0,0,0,0
#contracted,43,merge,1,0,0,0,1,0,0
#contracted,43,mergeSort,1045,422,454,3,0,166,170
#contracted,44,inputTree,255,250,0,0,3,2,0
#contracted,44,lazyMergeSort,1,1,0,0,0,0,0
#contracted,44,merge,1,0,0,0,1,0,0
#contracted,44,mergeSort,1045,1016,14,3,0,12,0
#contracted,45,inputTree,255,251,0,0,2,2,0
#contracted,45,lazyMergeSort,1,1,0,0,0,0,0
#contracted,45,merge,1,0,0,0,1,0,0
#contracted,45,mergeSort,1045,1015,16,2,0,12,1
#contracted,46,inputTree,255,248,0,0,5,2,0
#contracted,46,lazyMergeSort,1,1,0,0,0,0,0
#contracted,46,merge,1,0,0,0,1,0,0
#contracted,46,mergeSort,1045,1000,28,1,0,16,7
#contracted,47,inputTree,255,249,0,0,4,2,0
#contracted,47,lazyMergeSort,1,1,0,0,0,0,0
#contracted,47,merge,1,0,0,0,1,0,0
#contracted,47,mergeSort,1045,1001,25,4,0,15,6
#contracted,48,inputTree,255,251,0,0,2,2,0
#contracted,48,lazyMergeSort,1,1,0,0,0,0,0
#contracted,48,merge,1,0,0,0,1,0,0
#contracted,48,mergeSort,1045,1011,19,1,0,14,5
#contracted,49,inputTree,255,245,0,0,8,2,0
#contracted,49,lazyMergeSort,1,1,0,0,0,0,0
#contracted,49,merge,1,0,0,0,1,0,0
#contracted,49,mergeSort,1045,573,331,5,0,136,132
#contracted,50,inputTree,255,247,0,0,6,2,0
#contracted,50,lazyMergeSort,1,1,0,0,0,0,0
#contracted,50,merge,1,0,0,0,1,0,0
#contracted,50,mergeSort,1045,580,322,7,0,136,133
#contracted,51,inputTree,255,247,0,0,6,2,0
#contracted,51,lazyMergeSort,1,1,0,0,0,0,0
#contracted,51,merge,1,0,0,0,1,0,0
#contracted,51,mergeSort,1045,1005,23,3,0,14,5
#contracted,52,inputTree,255,248,0,0,5,2,0
#contracted,52,lazyMergeSort,1,1,0,0,0,0,0
#contracted,52,merge,1,0,0,0,1,0,0
#contracted,52,mergeSort,1045,1001,27,2,0,15,7
#contracted,53,inputTree,255,248,0,0,5,2,0
#contracted,53,lazyMergeSort,1,1,0,0,0,0,0
#contracted,53,merge,1,0,0,0,1,0,0
#contracted,53,mergeSort,1045,1001,30,1,0,13,5
#contracted,54,inputTree,255,250,0,0,3,2,0
#contracted,54,lazyMergeSort,1,1,0,0,0,0,0
#contracted,54,merge,1,0,0,0,1,0,0
#contracted,54,mergeSort,1045,1012,14,5,0,14,4
#contracted,55,inputTree,255,241,0,0,12,2,0
#contracted,55,lazyMergeSort,1,1,0,0,0,0,0
#contracted,55,merge,1,0,0,0,1,0,0
#contracted,55,mergeSort,1045,416,407,7,0,215,290
#contracted,56,inputTree,255,242,0,0,11,2,0
#contracted,56,lazyMergeSort,1,1,0,0,0,0,0
#contracted,56,merge,1,0,0,0,1,0,0
#contracted,56,mergeSort,1045,419,405,5,0,216,290
#contracted,57,inputTree,255,243,0,0,10,2,0
#contracted,57,lazyMergeSort,1,1,0,0,0,0,0
#contracted,57,merge,1,0,0,0,1,0,0
#contracted,57,mergeSort,1045,480,370,0,0,195,258
#contracted,58,inputTree,255,248,0,0,5,2,0
#contracted,58,lazyMergeSort,1,1,0,0,0,0,0
#contracted,58,merge,1,0,0,0,1,0,0
#contracted,58,mergeSort,1045,1005,29,0,0,11,4
#contracted,59,inputTree,255,249,0,0,4,2,0
#contracted,59,lazyMergeSort,1,1,0,0,0,0,0
#contracted,59,merge,1,0,0,0,1,0,0
#contracted,59,mergeSort,1045,1001,31,1,0,12,4
#contracted,60,inputTree,255,249,0,0,4,2,0
#contracted,60,lazyMergeSort,1,1,0,0,0,0,0
#contracted,60,merge,1,0,0,0,1,0,0
#contracted,60,mergeSort,1045,1010,20,3,0,12,3
#contracted,61,inputTree,255,251,0,0,2,2,0
#contracted,61,lazyMergeSort,1,1,0,0,0,0,0
#contracted,61,merge,1,0,0,0,1,0,0
#contracted,61,mergeSort,1045,1014,17,2,0,12,3
#contracted,62,inputTree,255,248,0,0,5,2,0
#contracted,62,lazyMergeSort,1,1,0,0,0,0,0
#contracted,62,merge,1,0,0,0,1,0,0
#contracted,62,mergeSort,1045,974,43,3,0,25,13
#contracted,63,inputTree,255,250,0,0,3,2,0
#contracted,63,lazyMergeSort,1,1,0,0,0,0,0
#contracted,63,merge,1,0,0,0,1,0,0
#contracted,63,mergeSort,1045,983,37,2,0,23,13
#contracted,64,inputTree,255,251,0,0,2,2,0
#contracted,64,lazyMergeSort,1,1,0,0,0,0,0
#contracted,64,merge,1,0,0,0,1,0,0
#contracted,64,mergeSort,1045,1022,10,4,0,9,1
#contracted,65,inputTree,255,248,0,0,5,2,0
#contracted,65,lazyMergeSort,1,1,0,0,0,0,0
#contracted,65,merge,1,0,0,0,1,0,0
#contracted,65,mergeSort,1045,1006,30,0,0,9,1
#contracted,66,inputTree,255,250,0,0,3,2,0
#contracted,66,lazyMergeSort,1,1,0,0,0,0,0
#contracted,66,merge,1,0,0,0,1,0,0
#contracted,66,mergeSort,1045,1012,20,2,0,11,1
#contracted,67,inputTree,255,250,0,0,3,2,0
#contracted,67,lazyMergeSort,1,1,0,0,0,0,0
#contracted,67,merge,1,0,0,0,1,0,0
#contracted,67,mergeSort,1045,1004,25,1,0,15,4
#contracted,68,inputTree,255,251,0,0,2,2,0
#contracted,68,lazyMergeSort,1,1,0,0,0,0,0
#contracted,68,merge,1,0,0,0,1,0,0
#contracted,68,mergeSort,1045,1014,12,6,0,13,1
#contracted,69,inputTree,255,245,0,0,8,2,0
#contracted,69,lazyMergeSort,1,1,0,0,0,0,0
#contracted,69,merge,1,0,0,0,1,0,0
#contracted,69,mergeSort,1045,916,87,3,0,39,28
#contracted,70,inputTree,255,247,0,0,6,2,0
#contracted,70,lazyMergeSort,1,1,0,0,0,0,0
#contracted,70,merge,1,0,0,0,1,0,0
#contracted,70,mergeSort,1045,924,80,3,0,38,27
#contracted,71,inputTree,255,248,0,0,5,2,0
#contracted,71,lazyMergeSort,1,1,0,0,0,0,0
#contracted,71,merge,1,0,0,0,1,0,0
#contracted,71,mergeSort,1045,930,74,4,0,37,27
#contracted,72,inputTree,255,250,0,0,3,2,0
#contracted,72,lazyMergeSort,1,1,0,0,0,0,0
#contracted,72,merge,1,0,0,0,1,0,0
#contracted,72,mergeSort,1045,942,66,2,0,35,26
#contracted,73,inputTree,255,250,0,0,3,2,0
#contracted,73,lazyMergeSort,1,1,0,0,0,0,0
#contracted,73,merge,1,0,0,0,1,0,0
#contracted,73,mergeSort,1045,1016,17,2,0,10,2
#contracted,74,inputTree,255,241,0,0,12,2,0
#contracted,74,lazyMergeSort,1,1,0,0,0,0,0
#contracted,74,merge,1,0,0,0,1,0,0
#contracted,74,mergeSort,1045,813,149,3,0,80,75
#contracted,75,inputTree,255,242,0,0,11,2,0
#contracted,75,lazyMergeSort,1,1,0,0,0,0,0
#contracted,75,merge,1,0,0,0,1,0,0
#contracted,75,mergeSort,1045,815,145,3,0,82,76
#contracted,76,inputTree,255,243,0,0,10,2,0
#contracted,76,lazyMergeSort,1,1,0,0,0,0,0
#contracted,76,merge,1,0,0,0,1,0,0
#contracted,76,mergeSort,1045,819,143,3,0,80,75
#contracted,77,inputTree,255,245,0,0,8,2,0
#contracted,77,lazyMergeSort,1,1,0,0,0,0,0
#contracted,77,merge,1,0,0,0,1,0,0
#contracted,77,mergeSort,1045,827,136,3,0,79,74
#contracted,78,inputTree,255,246,0,0,7,2,0
#contracted,78,lazyMergeSort,1,1,0,0,0,0,0
#contracted,78,merge,1,0,0,0,1,0,0
#contracted,78,mergeSort,1045,852,119,5,0,69,64
#contracted,79,inputTree,255,250,0,0,3,2,0
#contracted,79,lazyMergeSort,1,1,0,0,0,0,0
#contracted,79,merge,1,0,0,0,1,0,0
#contracted,79,mergeSort,1045,1005,28,0,0,12,2
#contracted,80,inputTree,255,245,0,0,8,2,0
#contracted,80,lazyMergeSort,1,1,0,0,0,0,0
#contracted,80,merge,1,0,0,0,1,0,0
#contracted,80,mergeSort,1045,845,120,6,0,74,66
#contracted,81,inputTree,255,246,0,0,7,2,0
#contracted,81,lazyMergeSort,1,1,0,0,0,0,0
#contracted,81,merge,1,0,0,0,1,0,0
#contracted,81,mergeSort,1045,845,122,6,0,72,67
#contracted,82,inputTree,255,249,0,0,4,2,0
#contracted,82,lazyMergeSort,1,1,0,0,0,0,0
#contracted,82,merge,1,0,0,0,1,0,0
#contracted,82,mergeSort,1045,1010,19,3,0,13,4
#contracted,83,inputTree,255,250,0,0,3,2,0
#contracted,83,lazyMergeSort,1,1,0,0,0,0,0
#contracted,83,merge,1,0,0,0,1,0,0
#contracted,83,mergeSort,1045,1019,12,4,0,10,1
#contracted,84,inputTree,255,251,0,0,2,2,0
#contracted,84,lazyMergeSort,1,1,0,0,0,0,0
#contracted,84,merge,1,0,0,0,1,0,0
#contracted,84,mergeSort,1045,1023,8,3,0,11,1
#contracted,85,inputTree,255,244,0,0,9,2,0
#contracted,85,lazyMergeSort,1,1,0,0,0,0,0
#contracted,85,merge,1,0,0,0,1,0,0
#contracted,85,mergeSort,1045,831,130,3,0,81,70
#contracted,86,inputTree,255,246,0,0,7,2,0
#contracted,86,lazyMergeSort,1,1,0,0,0,0,0
#contracted,86,merge,1,0,0,0,1,0,0
#contracted,86,mergeSort,1045,848,118,2,0,77,65
#contracted,87,inputTree,255,247,0,0,6,2,0
#contracted,87,lazyMergeSort,1,1,0,0,0,0,0
#contracted,87,merge,1,0,0,0,1,0,0
#contracted,87,mergeSort,1045,977,41,3,0,24,12
#contracted,88,inputTree,255,248,0,0,5,2,0
#contracted,88,lazyMergeSort,1,1,0,0,0,0,0
#contracted,88,merge,1,0,0,0,1,0,0
#contracted,88,mergeSort,1045,975,46,1,0,23,12
#contracted,89,inputTree,255,249,0,0,4,2,0
#contracted,89,lazyMergeSort,1,1,0,0,0,0,0
#contracted,89,merge,1,0,0,0,1,0,0
#contracted,89,mergeSort,1045,981,37,3,0,24,13
#contracted,90,inputTree,255,240,0,0,13,2,0
#contracted,90,lazyMergeSort,1,1,0,0,0,0,0
#contracted,90,merge,1,0,0,0,1,0,0
#contracted,90,mergeSort,1045,920,75,4,0,46,34
#contracted,91,inputTree,255,240,0,0,13,2,0
#contracted,91,lazyMergeSort,1,1,0,0,0,0,0
#contracted,91,merge,1,0,0,0,1,0,0
#contracted,91,mergeSort,1045,919,78,3,0,45,33
#contracted,92,inputTree,255,242,0,0,11,2,0
#contracted,92,lazyMergeSort,1,1,0,0,0,0,0
#contracted,92,merge,1,0,0,0,1,0,0
#contracted,92,mergeSort,1045,924,72,3,0,46,31
#contracted,93,inputTree,255,243,0,0,10,2,0
#contracted,93,lazyMergeSort,1,1,0,0,0,0,0
#contracted,93,merge,1,0,0,0,1,0,0
#contracted,93,mergeSort,1045,931,70,5,0,39,27
#contracted,94,inputTree,255,244,0,0,9,2,0
#contracted,94,lazyMergeSort,1,1,0,0,0,0,0
#contracted,94,merge,1,0,0,0,1,0,0
#contracted,94,mergeSort,1045,876,109,5,0,55,34
#contracted,95,inputTree,255,237,0,0,16,2,0
#contracted,95,lazyMergeSort,1,1,0,0,0,0,0
#contracted,95,merge,1,0,0,0,1,0,0
#contracted,95,mergeSort,1045,669,248,3,0,125,91
#contracted,96,inputTree,255,238,0,0,15,2,0
#contracted,96,lazyMergeSort,1,1,0,0,0,0,0
#contracted,96,merge,1,0,0,0,1,0,0
#contracted,96,mergeSort,1045,672,247,2,0,124,90
#contracted,97,inputTree,255,239,0,0,14,2,0
#contracted,97,lazyMergeSort,1,1,0,0,0,0,0
#contracted,97,merge,1,0,0,0,1,0,0
#contracted,97,mergeSort,1045,675,242,3,0,125,92
#contracted,98,inputTree,255,240,0,0,13,2,0
#contracted,98,lazyMergeSort,1,1,0,0,0,0,0
#contracted,98,merge,1,0,0,0,1,0,0
#contracted,98,mergeSort,1045,683,239,2,0,121,89
#contracted,99,inputTree,255,242,0,0,11,2,0
#contracted,99,lazyMergeSort,1,1,0,0,0,0,0
#contracted,99,merge,1,0,0,0,1,0,0
#contracted,99,mergeSort,1045,698,228,0,0,119,87
#contracted,100,inputTree,255,246,0,0,7,2,0
#contracted,100,lazyMergeSort,1,1,0,0,0,0,0
#contracted,100,merge,1,0,0,0,1,0,0
#contracted,100,mergeSort,1045,980,44,3,0,18,10
#contracted,101,inputTree,255,246,0,0,7,2,0
#contracted,101,lazyMergeSort,1,1,0,0,0,0,0
#contracted,101,merge,1,0,0,0,1,0,0
#contracted,101,mergeSort,1045,980,45,2,0,18,10
#contracted,102,inputTree,255,248,0,0,5,2,0
#contracted,102,lazyMergeSort,1,1,0,0,0,0,0
#contracted,102,merge,1,0,0,0,1,0,0
#contracted,102,mergeSort,1045,987,39,1,0,18,10
#contracted,103,inputTree,255,247,0,0,6,2,0
#contracted,103,lazyMergeSort,1,1,0,0,0,0,0
#contracted,103,merge,1,0,0,0,1,0,0
#contracted,103,mergeSort,1045,988,39,2,0,16,11
#contracted,104,inputTree,255,249,0,0,4,2,0
#contracted,104,lazyMergeSort,1,1,0,0,0,0,0
#contracted,104,merge,1,0,0,0,1,0,0
#contracted,104,mergeSort,1045,996,28,5,0,16,8
#contracted,105,inputTree,255,238,0,0,15,2,0
#contracted,105,lazyMergeSort,1,1,0,0,0,0,0
#contracted,105,merge,1,0,0,0,1,0,0
#contracted,105,mergeSort,1045,686,247,1,0,111,76
#contracted,106,inputTree,255,239,0,0,14,2,0
#contracted,106,lazyMergeSort,1,1,0,0,0,0,0
#contracted,106,merge,1,0,0,0,1,0,0
#contracted,106,mergeSort,1045,698,233,2,0,112,77
#contracted,107,inputTree,255,239,0,0,14,2,0
#contracted,107,lazyMergeSort,1,1,0,0,0,0,0
#contracted,107,merge,1,0,0,0,1,0,0
#contracted,107,mergeSort,1045,698,234,2,0,111,76
#contracted,108,inputTree,255,241,0,0,12,2,0
#contracted,108,lazyMergeSort,1,1,0,0,0,0,0
#contracted,108,merge,1,0,0,0,1,0,0
#contracted,108,mergeSort,1045,704,229,1,0,111,76
#contracted,109,inputTree,255,243,0,0,10,2,0
#contracted,109,lazyMergeSort,1,1,0,0,0,0,0
#contracted,109,merge,1,0,0,0,1,0,0
#contracted,109,mergeSort,1045,719,232,0,0,94,100
#contracted,110,inputTree,255,245,0,0,8,2,0
#contracted,110,lazyMergeSort,1,1,0,0,0,0,0
#contracted,110,merge,1,0,0,0,1,0,0
#contracted,110,mergeSort,1045,734,219,0,0,92,98
#contracted,111,inputTree,255,244,0,0,9,2,0
#contracted,111,lazyMergeSort,1,1,0,0,0,0,0
#contracted,111,merge,1,0,0,0,1,0,0
#contracted,111,mergeSort,1045,791,177,1,0,76,68
#contracted,112,inputTree,255,245,0,0,8,2,0
#contracted,112,lazyMergeSort,1,1,0,0,0,0,0
#contracted,112,merge,1,0,0,0,1,0,0
#contracted,112,mergeSort,1045,793,176,0,0,76,68
#contracted,113,inputTree,255,246,0,0,7,2,0
#contracted,113,lazyMergeSort,1,1,0,0,0,0,0
#contracted,113,merge,1,0,0,0,1,0,0
#contracted,113,mergeSort,1045,797,171,1,0,76,69
#contracted,114,inputTree,255,244,0,0,9,2,0
#contracted,114,lazyMergeSort,1,1,0,0,0,0,0
#contracted,114,merge,1,0,0,0,1,0,0
#contracted,114,mergeSort,1045,782,180,1,0,82,72
#contracted,115,inputTree,255,245,0,0,8,2,0
#contracted,115,lazyMergeSort,1,1,0,0,0,0,0
#contracted,115,merge,1,0,0,0,1,0,0
#contracted,115,mergeSort,1045,801,165,1,0,78,69
#contracted,116,inputTree,255,247,0,0,6,2,0
#contracted,116,lazyMergeSort,1,1,0,0,0,0,0
#contracted,116,merge,1,0,0,0,1,0,0
#contracted,116,mergeSort,1045,811,156,0,0,78,69
#contracted,117,inputTree,255,248,0,0,5,2,0
#contracted,117,lazyMergeSort,1,1,0,0,0,0,0
#contracted,117,merge,1,0,0,0,1,0,0
#contracted,117,mergeSort,1045,819,153,0,0,73,64
#contracted,118,inputTree,255,250,0,0,3,2,0
#contracted,118,lazyMergeSort,1,1,0,0,0,0,0
#contracted,118,merge,1,0,0,0,1,0,0
#contracted,118,mergeSort,1045,847,127,0,0,71,62
#contracted,119,inputTree,255,250,0,0,3,2,0
#contracted,119,lazyMergeSort,1,1,0,0,0,0,0
#contracted,119,merge,1,0,0,0,1,0,0
#contracted,119,mergeSort,1045,1009,22,2,0,12,3
#contracted,120,inputTree,255,248,0,0,5,2,0
#contracted,120,lazyMergeSort,1,1,0,0,0,0,0
#contracted,120,merge,1,0,0,0,1,0,0
#contracted,120,mergeSort,1045,988,46,1,0,10,1
#contracted,121,inputTree,255,249,0,0,4,2,0
#contracted,121,lazyMergeSort,1,1,0,0,0,0,0
#contracted,121,merge,1,0,0,0,1,0,0
#contracted,121,mergeSort,1045,978,56,1,0,10,1
#contracted,122,inputTree,255,248,0,0,5,2,0
#contracted,122,lazyMergeSort,1,1,0,0,0,0,0
#contracted,122,merge,1,0,0,0,1,0,0
#contracted,122,mergeSort,1045,945,83,1,0,16,7
#contracted,123,inputTree,255,247,0,0,6,2,0
#contracted,123,lazyMergeSort,1,1,0,0,0,0,0
#contracted,123,merge,1,0,0,0,1,0,0
#contracted,123,mergeSort,1045,944,83,2,0,16,11
#contracted,124,inputTree,255,248,0,0,5,2,0
#contracted,124,lazyMergeSort,1,1,0,0,0,0,0
#contracted,124,merge,1,0,0,0,1,0,0
#contracted,124,mergeSort,1045,943,81,3,0,18,11
#contracted,125,inputTree,255,250,0,0,3,2,0
#contracted,125,lazyMergeSort,1,1,0,0,0,0,0
#contracted,125,merge,1,0,0,0,1,0,0
#contracted,125,mergeSort,1045,957,72,0,0,16,9
#contracted,126,inputTree,255,250,0,0,3,2,0
#contracted,126,lazyMergeSort,1,1,0,0,0,0,0
#contracted,126,merge,1,0,0,0,1,0,0
#contracted,126,mergeSort,1045,1008,29,1,0,7,1
#contracted,127,inputTree,255,251,0,0,2,2,0
#contracted,127,lazyMergeSort,1,1,0,0,0,0,0
#contracted,127,merge,1,0,0,0,1,0,0
#contracted,127,mergeSort,1045,1017,19,1,0,8,2
#contracted,128,inputTree,255,252,0,0,1,2,0
#contracted,128,lazyMergeSort,1,1,0,0,0,0,0
#contracted,128,merge,1,0,0,0,1,0,0
#contracted,128,mergeSort,1045,1032,5,2,0,6,0
#independentGaps,2,inputTree,255,252,0,0,1,2,0
#independentGaps,2,lazyMergeSort,1,1,0,0,0,0,0
#independentGaps,2,merge,1,0,0,0,1,0,0
#independentGaps,2,mergeSort,1077,1054,11,1,0,11,0
#independentGaps,3,inputTree,255,251,0,0,2,2,0
#independentGaps,3,lazyMergeSort,1,1,0,0,0,0,0
#independentGaps,3,merge,1,0,0,0,1,0,0
#independentGaps,3,mergeSort,1077,1054,8,4,0,11,0
#independentGaps,4,inputTree,255,250,0,0,3,2,0
#independentGaps,4,lazyMergeSort,1,1,0,0,0,0,0
#independentGaps,4,merge,1,0,0,0,1,0,0
#independentGaps,4,mergeSort,1077,1043,19,2,0,13,2
#independentGaps,5,inputTree,255,250,0,0,3,2,0
#independentGaps,5,lazyMergeSort,1,1,0,0,0,0,0
#independentGaps,5,merge,1,0,0,0,1,0,0
#independentGaps,5,mergeSort,1077,1043,19,2,0,13,3
#independentGaps,6,inputTree,255,249,0,0,4,2,0
#independentGaps,6,lazyMergeSort,1,1,0,0,0,0,0
#independentGaps,6,merge,1,0,0,0,1,0,0
#independentGaps,6,mergeSort,1077,1034,30,0,0,13,6
#independentGaps,7,inputTree,255,251,0,0,2,2,0
#independentGaps,7,lazyMergeSort,1,1,0,0,0,0,0
#independentGaps,7,merge,1,0,0,0,1,0,0
#independentGaps,7,mergeSort,1077,1040,20,3,0,14,5
#independentGaps,8,inputTree,255,252,0,0,1,2,0
#independentGaps,8,lazyMergeSort,1,1,0,0,0,0,0
#independentGaps,8,merge,1,0,0,0,1,0,0
#independentGaps,8,mergeSort,1077,1052,11,2,0,12,0
#independentGaps,9,inputTree,255,245,0,0,8,2,0
#independentGaps,9,lazyMergeSort,1,1,0,0,0,0,0
#independentGaps,9,merge,1,0,0,0,1,0,0
#independentGaps,9,mergeSort,1077,994,59,0,0,24,15
#independentGaps,10,inputTree,255,252,0,0,1,2,0
#independentGaps,10,lazyMergeSort,1,1,0,0,0,0,0
#independentGaps,10,merge,1,0,0,0,1,0,0
#independentGaps,10,mergeSort,1077,1054,7,6,0,10,0
#independentGaps,11,inputTree,255,252,0,0,1,2,0
#independentGaps,11,lazyMergeSort,1,1,0,0,0,0,0
#independentGaps,11,merge,1,0,0,0,1,0,0
#independentGaps,11,mergeSort,1077,1052,10,5,0,10,0
#independentGaps,12,inputTree,255,251,0,0,2,2,0
#independentGaps,12,lazyMergeSort,1,1,0,0,0,0,0
#independentGaps,12,merge,1,0,0,0,1,0,0
#independentGaps,12,mergeSort,1077,1050,10,4,0,13,3
#independentGaps,13,inputTree,255,248,0,0,5,2,0
#independentGaps,13,lazyMergeSort,1,1,0,0,0,0,0
#independentGaps,13,merge,1,0,0,0,1,0,0
#independentGaps,13,mergeSort,1077,1020,42,2,0,13,3
#independentGaps,14,inputTree,255,248,0,0,5,2,0
#independentGaps,14,lazyMergeSort,1,1,0,0,0,0,0
#independentGaps,14,merge,1,0,0,0,1,0,0
#independentGaps,14,mergeSort,1077,1021,41,2,0,13,3
#independentGaps,15,inputTree,255,250,0,0,3,2,0
#independentGaps,15,lazyMergeSort,1,1,0,0,0,0,0
#independentGaps,15,merge,1,0,0,0,1,0,0
#independentGaps,15,mergeSort,1077,1043,19,2,0,13,2
#independentGaps,16,inputTree,255,252,0,0,1,2,0
#independentGaps,16,lazyMergeSort,1,1,0,0,0,0,0
#independentGaps,16,merge,1,0,0,0,1,0,0
#independentGaps,16,mergeSort,1077,1054,11,1,0,11,0
#independentGaps,17,inputTree,255,249,0,0,4,2,0
#independentGaps,17,lazyMergeSort,1,1,0,0,0,0,0
#independentGaps,17,merge,1,1,0,0,0,0,0
#independentGaps,17,mergeSort,1077,957,93,0,0,27,25
#independentGaps,18,inputTree,255,250,0,0,3,2,0
#independentGaps,18,lazyMergeSort,1,1,0,0,0,0,0
#independentGaps,18,merge,1,0,0,0,1,0,0
#independentGaps,18,mergeSort,1077,1043,23,1,0,10,1
#independentGaps,19,inputTree,255,251,0,0,2,2,0
#independentGaps,19,lazyMergeSort,1,1,0,0,0,0,0
#independentGaps,19,merge,1,0,0,0,1,0,0
#independentGaps,19,mergeSort,1077,1043,22,1,0,11,0
#independentGaps,20,inputTree,255,252,0,0,1,2,0
#independentGaps,20,lazyMergeSort,1,1,0,0,0,0,0
#independentGaps,20,merge,1,0,0,0,1,0,0
#independentGaps,20,mergeSort,1077,1055,8,5,0,9,0
#independentGaps,21,inputTree,255,251,0,0,2,2,0
#independentGaps,21,lazyMergeSort,1,1,0,0,0,0,0
#independentGaps,21,merge,1,0,0,0,1,0,0
#independentGaps,21,mergeSort,1077,1040,26,1,0,10,2
#independentGaps,22,inputTree,255,252,0,0,1,2,0
#independentGaps,22,lazyMergeSort,1,1,0,0,0,0,0
#independentGaps,22,merge,1,0,0,0,1,0,0
#independentGaps,22,mergeSort,1077,1061,9,0,0,7,0
#independentGaps,23,inputTree,255,244,0,0,9,2,0
#independentGaps,23,lazyMergeSort,1,1,0,0,0,0,0
#independentGaps,23,merge,1,0,0,0,1,0,0
#independentGaps,23,mergeSort,1077,411,454,9,0,203,200
#independentGaps,24,inputTree,255,252,0,0,1,2,0
#independentGaps,24,lazyMergeSort,1,1,0,0,0,0,0
#independentGaps,24,merge,1,0,0,0,1,0,0
#independentGaps,24,mergeSort,1077,1051,13,2,0,11,0
#independentGaps,25,inputTree,255,250,0,0,3,2,0
#independentGaps,25,lazyMergeSort,1,1,0,0,0,0,0
#independentGaps,25,merge,1,0,0,0,1,0,0
#independentGaps,25,mergeSort,1077,1034,24,5,0,14,2
#independentGaps,26,inputTree,255,252,0,0,1,2,0
#independentGaps,26,lazyMergeSort,1,1,0,0,0,0,0
#independentGaps,26,merge,1,0,0,0,1,0,0
#independentGaps,26,mergeSort,1077,1056,8,2,0,11,0
#independentGaps,27,inputTree,255,251,0,0,2,2,0
#independentGaps,27,lazyMergeSort,1,1,0,0,0,0,0
#independentGaps,27,merge,1,0,0,0,1,0,0
#independentGaps,27,mergeSort,1077,1051,13,2,0,11,2
#independentGaps,28,inputTree,255,243,0,0,10,2,0
#independentGaps,28,lazyMergeSort,1,1,0,0,0,0,0
#independentGaps,28,merge,1,0,0,0,1,0,0
#independentGaps,28,mergeSort,1077,714,316,0,0,47,50
#independentGaps,29,inputTree,255,245,0,0,8,2,0
#independentGaps,29,lazyMergeSort,1,1,0,0,0,0,0
#independentGaps,29,merge,1,0,0,0,1,0,0
#independentGaps,29,mergeSort,1077,723,306,0,0,48,49
#independentGaps,30,inputTree,255,243,0,0,10,2,0
#independentGaps,30,lazyMergeSort,1,1,0,0,0,0,0
#independentGaps,30,merge,1,0,0,0,1,0,0
#independentGaps,30,mergeSort,1077,414,477,9,0,177,172
#independentGaps,31,inputTree,255,248,0,0,5,2,0
#independentGaps,31,lazyMergeSort,1,1,0,0,0,0,0
#independentGaps,31,merge,1,0,0,0,1,0,0
#independentGaps,31,mergeSort,1077,1031,25,4,0,17,4
#independentGaps,32,inputTree,255,252,0,0,1,2,0
#independentGaps,32,lazyMergeSort,1,1,0,0,0,0,0
#independentGaps,32,merge,1,0,0,0,1,0,0
#independentGaps,32,mergeSort,1077,1052,8,5,0,12,0
#independentGaps,33,inputTree,255,244,0,0,9,2,0
#independentGaps,33,lazyMergeSort,1,1,0,0,0,0,0
#independentGaps,33,merge,1,0,0,0,1,0,0
#independentGaps,33,mergeSort,1077,417,474,9,0,177,170
#independentGaps,34,inputTree,255,252,0,0,1,2,0
#independentGaps,34,lazyMergeSort,1,1,0,0,0,0,0
#independentGaps,34,merge,1,0,0,0,1,0,0
#independentGaps,34,mergeSort,1077,1051,11,4,0,11,0
#independentGaps,35,inputTree,255,245,0,0,8,2,0
#independentGaps,35,lazyMergeSort,1,1,0,0,0,0,0
#independentGaps,35,merge,1,0,0,0,1,0,0
#independentGaps,35,mergeSort,1077,906,110,7,0,54,38
#independentGaps,36,inputTree,255,248,0,0,5,2,0
#independentGaps,36,lazyMergeSort,1,1,0,0,0,0,0
#independentGaps,36,merge,1,0,0,0,1,0,0
#independentGaps,36,mergeSort,1077,1028,32,2,0,15,5
#independentGaps,37,inputTree,255,249,0,0,4,2,0
#independentGaps,37,lazyMergeSort,1,1,0,0,0,0,0
#independentGaps,37,merge,1,0,0,0,1,0,0
#independentGaps,37,mergeSort,1077,1033,24,5,0,15,5
#independentGaps,38,inputTree,255,252,0,0,1,2,0
#independentGaps,38,lazyMergeSort,1,1,0,0,0,0,0
#independentGaps,38,merge,1,0,0,0,1,0,0
#independentGaps,38,mergeSort,1077,1049,11,5,0,12,0
#independentGaps,39,inputTree,255,249,0,0,4,2,0
#independentGaps,39,lazyMergeSort,1,1,0,0,0,0,0
#independentGaps,39,merge,1,0,0,0,1,0,0
#independentGaps,39,mergeSort,1077,974,62,2,0,39,28
#independentGaps,40,inputTree,255,251,0,0,2,2,0
#independentGaps,40,lazyMergeSort,1,1,0,0,0,0,0
#independentGaps,40,merge,1,0,0,0,1,0,0
#independentGaps,40,mergeSort,1077,1046,13,4,0,14,0
#independentGaps,41,inputTree,255,252,0,0,1,2,0
#independentGaps,41,lazyMergeSort,1,1,0,0,0,0,0
#independentGaps,41,merge,1,0,0,0,1,0,0
#independentGaps,41,mergeSort,1077,1051,8,6,0,12,0
#independentGaps,42,inputTree,255,244,0,0,9,2,0
#independentGaps,42,lazyMergeSort,1,1,0,0,0,0,0
#independentGaps,42,merge,1,0,0,0,1,0,0
#independentGaps,42,mergeSort,1077,718,277,1,0,81,75
#independentGaps,43,inputTree,255,250,0,0,3,2,0
#independentGaps,43,lazyMergeSort,1,1,0,0,0,0,0
#independentGaps,43,merge,1,0,0,0,1,0,0
#independentGaps,43,mergeSort,1077,1045,16,4,0,12,2
#independentGaps,44,inputTree,255,251,0,0,2,2,0
#independentGaps,44,lazyMergeSort,1,1,0,0,0,0,0
#independentGaps,44,merge,1,0,0,0,1,0,0
#independentGaps,44,mergeSort,1077,1046,13,4,0,14,3
#independentGaps,45,inputTree,255,249,0,0,4,2,0
#independentGaps,45,lazyMergeSort,1,1,0,0,0,0,0
#independentGaps,45,merge,1,0,0,0,1,0,0
#independentGaps,45,mergeSort,1077,1036,24,2,0,15,3
#independentGaps,46,inputTree,255,250,0,0,3,2,0
#independentGaps,46,lazyMergeSort,1,1,0,0,0,0,0
#independentGaps,46,merge,1,0,0,0,1,0,0
#independentGaps,46,mergeSort,1077,1043,17,4,0,13,1
#independentGaps,47,inputTree,255,252,0,0,1,2,0
#independentGaps,47,lazyMergeSort,1,1,0,0,0,0,0
#independentGaps,47,merge,1,0,0,0,1,0,0
#independentGaps,47,mergeSort,1077,1051,11,3,0,12,0
#independentGaps,48,inputTree,255,251,0,0,2,2,0
#independentGaps,48,lazyMergeSort,1,1,0,0,0,0,0
#independentGaps,48,merge,1,0,0,0,1,0,0
#independentGaps,48,mergeSort,1077,1030,27,3,0,17,8
#independentGaps,49,inputTree,255,246,0,0,7,2,0
#independentGaps,49,lazyMergeSort,1,1,0,0,0,0,0
#independentGaps,49,merge,1,0,0,0,1,0,0
#independentGaps,49,mergeSort,1077,862,132,6,0,77,49
#independentGaps,50,inputTree,255,252,0,0,1,2,0
#independentGaps,50,lazyMergeSort,1,1,0,0,0,0,0
#independentGaps,50,merge,1,0,0,0,1,0,0
#independentGaps,50,mergeSort,1077,1052,10,4,0,11,0
#independentGaps,51,inputTree,255,251,0,0,2,2,0
#independentGaps,51,lazyMergeSort,1,1,0,0,0,0,0
#independentGaps,51,merge,1,0,0,0,1,0,0
#independentGaps,51,mergeSort,1077,1050,8,6,0,13,2
#independentGaps,52,inputTree,255,250,0,0,3,2,0
#independentGaps,52,lazyMergeSort,1,1,0,0,0,0,0
#independentGaps,52,merge,1,0,0,0,1,0,0
#independentGaps,52,mergeSort,1077,1038,25,2,0,12,1
#independentGaps,53,inputTree,255,252,0,0,1,2,0
#independentGaps,53,lazyMergeSort,1,1,0,0,0,0,0
#independentGaps,53,merge,1,0,0,0,1,0,0
#independentGaps,53,mergeSort,1077,1045,18,3,0,11,0
#independentGaps,54,inputTree,255,245,0,0,8,2,0
#independentGaps,54,lazyMergeSort,1,1,0,0,0,0,0
#independentGaps,54,merge,1,0,0,0,1,0,0
#independentGaps,54,mergeSort,1077,462,417,0,0,198,183
#independentGaps,55,inputTree,255,252,0,0,1,2,0
#independentGaps,55,lazyMergeSort,1,1,0,0,0,0,0
#independentGaps,55,merge,1,0,0,0,1,0,0
#independentGaps,55,mergeSort,1077,1058,6,4,0,9,0
#independentGaps,56,inputTree,255,249,0,0,4,2,0
#independentGaps,56,lazyMergeSort,1,1,0,0,0,0,0
#independentGaps,56,merge,1,0,0,0,1,0,0
#independentGaps,56,mergeSort,1077,1049,14,3,0,11,2
#independentGaps,57,inputTree,255,248,0,0,5,2,0
#independentGaps,57,lazyMergeSort,1,1,0,0,0,0,0
#independentGaps,57,merge,1,0,0,0,1,0,0
#independentGaps,57,mergeSort,1077,1033,28,3,0,13,0
#independentGaps,58,inputTree,255,249,0,0,4,2,0
#independentGaps,58,lazyMergeSort,1,1,0,0,0,0,0
#independentGaps,58,merge,1,0,0,0,1,0,0
#independentGaps,58,mergeSort,1077,1018,44,0,0,15,0
#independentGaps,59,inputTree,255,250,0,0,3,2,0
#independentGaps,59,lazyMergeSort,1,1,0,0,0,0,0
#independentGaps,59,merge,1,0,0,0,1,0,0
#independentGaps,59,mergeSort,1077,1018,44,2,0,13,0
#independentGaps,60,inputTree,255,252,0,0,1,2,0
#independentGaps,60,lazyMergeSort,1,1,0,0,0,0,0
#independentGaps,60,merge,1,0,0,0,1,0,0
#independentGaps,60,mergeSort,1077,1060,7,2,0,8,0
#independentGaps,61,inputTree,255,252,0,0,1,2,0
#independentGaps,61,lazyMergeSort,1,1,0,0,0,0,0
#independentGaps,61,merge,1,0,0,0,1,0,0
#independentGaps,61,mergeSort,1077,1060,7,2,0,8,0
#independentGaps,62,inputTree,255,243,0,0,10,2,0
#independentGaps,62,lazyMergeSort,1,1,0,0,0,0,0
#independentGaps,62,merge,1,0,0,0,1,0,0
#independentGaps,62,mergeSort,1077,481,409,3,0,184,175
#independentGaps,63,inputTree,255,251,0,0,2,2,0
#independentGaps,63,lazyMergeSort,1,1,0,0,0,0,0
#independentGaps,63,merge,1,0,0,0,1,0,0
#independentGaps,63,mergeSort,1077,1050,8,6,0,13,1
#independentGaps,64,inputTree,255,252,0,0,1,2,0
#independentGaps,64,lazyMergeSort,1,1,0,0,0,0,0
#independentGaps,64,merge,1,0,0,0,1,0,0
#independentGaps,64,mergeSort,1077,1061,7,1,0,8,0
#independentGaps,65,inputTree,255,252,0,0,1,2,0
#independentGaps,65,lazyMergeSort,1,1,0,0,0,0,0
#independentGaps,65,merge,1,0,0,0,1,0,0
#independentGaps,65,mergeSort,1077,1037,24,0,0,16,0
#independentGaps,66,inputTree,255,250,0,0,3,2,0
#independentGaps,66,lazyMergeSort,1,1,0,0,0,0,0
#independentGaps,66,merge,1,0,0,0,1,0,0
#independentGaps,66,mergeSort,1077,1045,18,2,0,12,3
#independentGaps,67,inputTree,255,251,0,0,2,2,0
#independentGaps,67,lazyMergeSort,1,1,0,0,0,0,0
#independentGaps,67,merge,1,0,0,0,1,0,0
#independentGaps,67,mergeSort,1077,1048,15,4,0,10,0
#independentGaps,68,inputTree,255,252,0,0,1,2,0
#independentGaps,68,lazyMergeSort,1,1,0,0,0,0,0
#independentGaps,68,merge,1,0,0,0,1,0,0
#independentGaps,68,mergeSort,1077,1052,8,6,0,11,0
#independentGaps,69,inputTree,255,252,0,0,1,2,0
#independentGaps,69,lazyMergeSort,1,1,0,0,0,0,0
#independentGaps,69,merge,1,0,0,0,1,0,0
#independentGaps,69,mergeSort,1077,1049,16,2,0,10,0
#independentGaps,70,inputTree,255,246,0,0,7,2,0
#independentGaps,70,lazyMergeSort,1,1,0,0,0,0,0
#independentGaps,70,merge,1,0,0,0,1,0,0
#independentGaps,70,mergeSort,1077,560,356,2,0,159,199
#independentGaps,71,inputTree,255,249,0,0,4,2,0
#independentGaps,71,lazyMergeSort,1,1,0,0,0,0,0
#independentGaps,71,merge,1,0,0,0,1,0,0
#independentGaps,71,mergeSort,1077,1000,62,0,0,15,7
#independentGaps,72,inputTree,255,249,0,0,4,2,0
#independentGaps,72,lazyMergeSort,1,1,0,0,0,0,0
#independentGaps,72,merge,1,0,0,0,1,0,0
#independentGaps,72,mergeSort,1077,997,56,4,0,20,12
#independentGaps,73,inputTree,255,252,0,0,1,2,0
#independentGaps,73,lazyMergeSort,1,1,0,0,0,0,0
#independentGaps,73,merge,1,0,0,0,1,0,0
#independentGaps,73,mergeSort,1077,1057,10,2,0,8,0
#independentGaps,74,inputTree,255,245,0,0,8,2,0
#independentGaps,74,lazyMergeSort,1,1,0,0,0,0,0
#independentGaps,74,merge,1,0,0,0,1,0,0
#independentGaps,74,mergeSort,1077,603,335,2,0,137,168
#independentGaps,75,inputTree,255,250,0,0,3,2,0
#independentGaps,75,lazyMergeSort,1,1,0,0,0,0,0
#independentGaps,75,merge,1,0,0,0,1,0,0
#independentGaps,75,mergeSort,1077,1049,15,3,0,10,1
#independentGaps,76,inputTree,255,252,0,0,1,2,0
#independentGaps,76,lazyMergeSort,1,1,0,0,0,0,0
#independentGaps,76,merge,1,0,0,0,1,0,0
#independentGaps,76,mergeSort,1077,1052,15,1,0,9,0
#independentGaps,77,inputTree,255,249,0,0,4,2,0
#independentGaps,77,lazyMergeSort,1,1,0,0,0,0,0
#independentGaps,77,merge,1,0,0,0,1,0,0
#independentGaps,77,mergeSort,1077,636,308,0,0,133,164
#independentGaps,78,inputTree,255,250,0,0,3,2,0
#independentGaps,78,lazyMergeSort,1,1,0,0,0,0,0
#independentGaps,78,merge,1,0,0,0,1,0,0
#independentGaps,78,mergeSort,1077,1052,12,3,0,10,2
#independentGaps,79,inputTree,255,252,0,0,1,2,0
#independentGaps,79,lazyMergeSort,1,1,0,0,0,0,0
#independentGaps,79,merge,1,0,0,0,1,0,0
#independentGaps,79,mergeSort,1077,1025,36,0,0,16,0
#independentGaps,80,inputTree,255,250,0,0,3,2,0
#independentGaps,80,lazyMergeSort,1,1,0,0,0,0,0
#independentGaps,80,merge,1,0,0,0,1,0,0
#independentGaps,80,mergeSort,1077,1051,16,1,0,9,0
#independentGaps,81,inputTree,255,250,0,0,3,2,0
#independentGaps,81,lazyMergeSort,1,1,0,0,0,0,0
#independentGaps,81,merge,1,0,0,0,1,0,0
#independentGaps,81,mergeSort,1077,1044,21,1,0,11,2
#independentGaps,82,inputTree,255,246,0,0,7,2,0
#independentGaps,82,lazyMergeSort,1,1,0,0,0,0,0
#independentGaps,82,merge,1,0,0,0,1,0,0
#independentGaps,82,mergeSort,1077,986,72,0,0,19,11
#independentGaps,83,inputTree,255,247,0,0,6,2,0
#independentGaps,83,lazyMergeSort,1,1,0,0,0,0,0
#independentGaps,83,merge,1,0,0,0,1,0,0
#independentGaps,83,mergeSort,1077,989,67,1,0,20,12
#independentGaps,84,inputTree,255,244,0,0,9,2,0
#independentGaps,84,lazyMergeSort,1,1,0,0,0,0,0
#independentGaps,84,merge,1,0,0,0,1,0,0
#independentGaps,84,mergeSort,1077,802,220,5,0,50,58
#independentGaps,85,inputTree,255,249,0,0,4,2,0
#independentGaps,85,lazyMergeSort,1,1,0,0,0,0,0
#independentGaps,85,merge,1,0,0,0,1,0,0
#independentGaps,85,mergeSort,1077,1046,20,1,0,10,3
#independentGaps,86,inputTree,255,244,0,0,9,2,0
#independentGaps,86,lazyMergeSort,1,1,0,0,0,0,0
#independentGaps,86,merge,1,0,0,0,1,0,0
#independentGaps,86,mergeSort,1077,804,218,7,0,48,58
#independentGaps,87,inputTree,255,246,0,0,7,2,0
#independentGaps,87,lazyMergeSort,1,1,0,0,0,0,0
#independentGaps,87,merge,1,0,0,0,1,0,0
#independentGaps,87,mergeSort,1077,816,209,5,0,47,55
#independentGaps,88,inputTree,255,245,0,0,8,2,0
#independentGaps,88,lazyMergeSort,1,1,0,0,0,0,0
#independentGaps,88,merge,1,0,0,0,1,0,0
#independentGaps,88,mergeSort,1077,564,410,2,0,101,119
#independentGaps,89,inputTree,255,251,0,0,2,2,0
#independentGaps,89,lazyMergeSort,1,1,0,0,0,0,0
#independentGaps,89,merge,1,0,0,0,1,0,0
#independentGaps,89,mergeSort,1077,1052,12,3,0,10,1
#independentGaps,90,inputTree,255,250,0,0,3,2,0
#independentGaps,90,lazyMergeSort,1,1,0,0,0,0,0
#independentGaps,90,merge,1,0,0,0,1,0,0
#independentGaps,90,mergeSort,1077,1053,12,3,0,9,1
#independentGaps,91,inputTree,255,252,0,0,1,2,0
#independentGaps,91,lazyMergeSort,1,1,0,0,0,0,0
#independentGaps,91,merge,1,0,0,0,1,0,0
#independentGaps,91,mergeSort,1077,1060,8,1,0,8,0
#independentGaps,92,inputTree,255,246,0,0,7,2,0
#independentGaps,92,lazyMergeSort,1,1,0,0,0,0,0
#independentGaps,92,merge,1,0,0,0,1,0,0
#independentGaps,92,mergeSort,1077,802,199,6,0,70,75
#independentGaps,93,inputTree,255,246,0,0,7,2,0
#independentGaps,93,lazyMergeSort,1,1,0,0,0,0,0
#independentGaps,93,merge,1,0,0,0,1,0,0
#independentGaps,93,mergeSort,1077,955,82,1,0,39,25
#independentGaps,94,inputTree,255,243,0,0,10,2,0
#independentGaps,94,lazyMergeSort,1,1,0,0,0,0,0
#independentGaps,94,merge,1,0,0,0,1,0,0
#independentGaps,94,mergeSort,1077,598,363,6,0,110,130
#independentGaps,95,inputTree,255,245,0,0,8,2,0
#independentGaps,95,lazyMergeSort,1,1,0,0,0,0,0
#independentGaps,95,merge,1,0,0,0,1,0,0
#independentGaps,95,mergeSort,1077,602,357,7,0,111,131
#independentGaps,96,inputTree,255,242,0,0,11,2,0
#independentGaps,96,lazyMergeSort,1,1,0,0,0,0,0
#independentGaps,96,merge,1,0,0,0,1,0,0
#independentGaps,96,mergeSort,1077,593,372,7,0,105,122
#independentGaps,97,inputTree,255,243,0,0,10,2,0
#independentGaps,97,lazyMergeSort,1,1,0,0,0,0,0
#independentGaps,97,merge,1,0,0,0,1,0,0
#independentGaps,97,mergeSort,1077,589,378,5,0,105,122
#independentGaps,98,inputTree,255,244,0,0,9,2,0
#independentGaps,98,lazyMergeSort,1,1,0,0,0,0,0
#independentGaps,98,merge,1,0,0,0,1,0,0
#independentGaps,98,mergeSort,1077,588,374,7,0,108,124
#independentGaps,99,inputTree,255,250,0,0,3,2,0
#independentGaps,99,lazyMergeSort,1,1,0,0,0,0,0
#independentGaps,99,merge,1,0,0,0,1,0,0
#independentGaps,99,mergeSort,1077,1040,20,4,0,13,1
#independentGaps,100,inputTree,255,252,0,0,1,2,0
#independentGaps,100,lazyMergeSort,1,1,0,0,0,0,0
#independentGaps,100,merge,1,0,0,0,1,0,0
#independentGaps,100,mergeSort,1077,1055,6,5,0,11,0
#independentGaps,101,inputTree,255,252,0,0,1,2,0
#independentGaps,101,lazyMergeSort,1,1,0,0,0,0,0
#independentGaps,101,merge,1,0,0,0,1,0,0
#independentGaps,101,mergeSort,1077,1050,11,4,0,12,0
#independentGaps,102,inputTree,255,242,0,0,11,2,0
#independentGaps,102,lazyMergeSort,1,1,0,0,0,0,0
#independentGaps,102,merge,1,0,0,0,1,0,0
#independentGaps,102,mergeSort,1077,767,216,0,0,94,73
#independentGaps,103,inputTree,255,250,0,0,3,2,0
#independentGaps,103,lazyMergeSort,1,1,0,0,0,0,0
#independentGaps,103,merge,1,0,0,0,1,0,0
#independentGaps,103,mergeSort,1077,1047,12,4,0,14,1
#independentGaps,104,inputTree,255,252,0,0,1,2,0
#independentGaps,104,lazyMergeSort,1,1,0,0,0,0,0
#independentGaps,104,merge,1,0,0,0,1,0,0
#independentGaps,104,mergeSort,1077,1051,12,4,0,10,0
#independentGaps,105,inputTree,255,251,0,0,2,2,0
#independentGaps,105,lazyMergeSort,1,1,0,0,0,0,0
#independentGaps,105,merge,1,0,0,0,1,0,0
#independentGaps,105,mergeSort,1077,1040,28,0,0,9,2
#independentGaps,106,inputTree,255,245,0,0,8,2,0
#independentGaps,106,lazyMergeSort,1,1,0,0,0,0,0
#independentGaps,106,merge,1,0,0,0,1,0,0
#independentGaps,106,mergeSort,1077,786,203,7,0,81,50
#independentGaps,107,inputTree,255,247,0,0,6,2,0
#independentGaps,107,lazyMergeSort,1,1,0,0,0,0,0
#independentGaps,107,merge,1,0,0,0,1,0,0
#independentGaps,107,mergeSort,1077,800,194,4,0,79,48
#independentGaps,108,inputTree,255,251,0,0,2,2,0
#independentGaps,108,lazyMergeSort,1,1,0,0,0,0,0
#independentGaps,108,merge,1,0,0,0,1,0,0
#independentGaps,108,mergeSort,1077,1043,19,3,0,12,1
#independentGaps,109,inputTree,255,251,0,0,2,2,0
#independentGaps,109,lazyMergeSort,1,1,0,0,0,0,0
#independentGaps,109,merge,1,0,0,0,1,0,0
#independentGaps,109,mergeSort,1077,1053,10,4,0,10,1
#independentGaps,110,inputTree,255,243,0,0,10,2,0
#independentGaps,110,lazyMergeSort,1,1,0,0,0,0,0
#independentGaps,110,merge,1,0,0,0,1,0,0
#independentGaps,110,mergeSort,1077,802,206,3,0,66,58
#independentGaps,111,inputTree,255,245,0,0,8,2,0
#independentGaps,111,lazyMergeSort,1,1,0,0,0,0,0
#independentGaps,111,merge,1,0,0,0,1,0,0
#independentGaps,111,mergeSort,1077,810,198,2,0,67,57
#independentGaps,112,inputTree,255,250,0,0,3,2,0
#independentGaps,112,lazyMergeSort,1,1,0,0,0,0,0
#independentGaps,112,merge,1,0,0,0,1,0,0
#independentGaps,112,mergeSort,1077,1045,14,6,0,12,0
#independentGaps,113,inputTree,255,249,0,0,4,2,0
#independentGaps,113,lazyMergeSort,1,1,0,0,0,0,0
#independentGaps,113,merge,1,0,0,0,1,0,0
#independentGaps,113,mergeSort,1077,1042,14,6,0,15,1
#independentGaps,114,inputTree,255,252,0,0,1,2,0
#independentGaps,114,lazyMergeSort,1,1,0,0,0,0,0
#independentGaps,114,merge,1,0,0,0,1,0,0
#independentGaps,114,mergeSort,1077,1038,24,1,0,14,0
#independentGaps,115,inputTree,255,252,0,0,1,2,0
#independentGaps,115,lazyMergeSort,1,1,0,0,0,0,0
#independentGaps,115,merge,1,0,0,0,1,0,0
#independentGaps,115,mergeSort,1077,1055,5,5,0,12,0
#independentGaps,116,inputTree,255,249,0,0,4,2,0
#independentGaps,116,lazyMergeSort,1,1,0,0,0,0,0
#independentGaps,116,merge,1,0,0,0,1,0,0
#independentGaps,116,mergeSort,1077,851,166,0,0,60,48
#independentGaps,117,inputTree,255,250,0,0,3,2,0
#independentGaps,117,lazyMergeSort,1,1,0,0,0,0,0
#independentGaps,117,merge,1,0,0,0,1,0,0
#independentGaps,117,mergeSort,1077,966,73,1,0,37,19
#independentGaps,118,inputTree,255,247,0,0,6,2,0
#independentGaps,118,lazyMergeSort,1,1,0,0,0,0,0
#independentGaps,118,merge,1,0,0,0,1,0,0
#independentGaps,118,mergeSort,1077,851,177,1,0,48,48
#independentGaps,119,inputTree,255,252,0,0,1,2,0
#independentGaps,119,lazyMergeSort,1,1,0,0,0,0,0
#independentGaps,119,merge,1,0,0,0,1,0,0
#independentGaps,119,mergeSort,1077,1057,9,3,0,8,0
#independentGaps,120,inputTree,255,249,0,0,4,2,0
#independentGaps,120,lazyMergeSort,1,1,0,0,0,0,0
#independentGaps,120,merge,1,0,0,0,1,0,0
#independentGaps,120,mergeSort,1077,1037,28,2,0,10,3
#independentGaps,121,inputTree,255,248,0,0,5,2,0
#independentGaps,121,lazyMergeSort,1,1,0,0,0,0,0
#independentGaps,121,merge,1,0,0,0,1,0,0
#independentGaps,121,mergeSort,1077,1029,33,3,0,12,7
#independentGaps,122,inputTree,255,250,0,0,3,2,0
#independentGaps,122,lazyMergeSort,1,1,0,0,0,0,0
#independentGaps,122,merge,1,0,0,0,1,0,0
#independentGaps,122,mergeSort,1077,1045,20,2,0,10,1
#independentGaps,123,inputTree,255,250,0,0,3,2,0
#independentGaps,123,lazyMergeSort,1,1,0,0,0,0,0
#independentGaps,123,merge,1,0,0,0,1,0,0
#independentGaps,123,mergeSort,1077,1056,12,2,0,7,1
#independentGaps,124,inputTree,255,252,0,0,1,2,0
#independentGaps,124,lazyMergeSort,1,1,0,0,0,0,0
#independentGaps,124,merge,1,0,0,0,1,0,0
#independentGaps,124,mergeSort,1077,1056,12,1,0,8,0
#independentGaps,125,inputTree,255,250,0,0,3,2,0
#independentGaps,125,lazyMergeSort,1,1,0,0,0,0,0
#independentGaps,125,merge,1,0,0,0,1,0,0
#independentGaps,125,mergeSort,1077,1027,35,1,0,14,6
#independentGaps,126,inputTree,255,250,0,0,3,2,0
#independentGaps,126,lazyMergeSort,1,1,0,0,0,0,0
#independentGaps,126,merge,1,0,0,0,1,0,0
#independentGaps,126,mergeSort,1077,1047,21,0,0,9,1
#independentGaps,127,inputTree,255,252,0,0,1,2,0
#independentGaps,127,lazyMergeSort,1,1,0,0,0,0,0
#independentGaps,127,merge,1,0,0,0,1,0,0
#independentGaps,127,mergeSort,1077,1058,9,2,0,8,0
#independentGaps,128,inputTree,255,252,0,0,1,2,0
#independentGaps,128,lazyMergeSort,1,1,0,0,0,0,0
#independentGaps,128,merge,1,0,0,0,1,0,0
#independentGaps,128,mergeSort,1077,1059,8,2,0,8,0
