size,algorithm,position,own,equal,notEqual,newBody,sameBody,nonThunk,onlyLeft,onlyRight,redone,garbage
256,lazy-inductive,2,3958,3695,198,195,0,3,65,0,195,65
256,lazy-inductive,3,3958,3126,570,554,11,5,262,17,582,262
256,lazy-inductive,4,3958,3912,26,21,2,3,20,0,23,20
256,lazy-inductive,5,3958,3897,38,29,5,4,23,5,39,23
256,lazy-inductive,6,3958,3913,26,16,6,4,19,1,23,19
256,lazy-inductive,7,3958,3902,35,22,9,4,21,1,32,21
256,lazy-inductive,8,3958,3912,29,18,7,4,17,1,26,17
256,lazy-inductive,9,3958,3914,30,23,3,4,14,0,26,14
256,lazy-inductive,10,3958,3909,32,17,12,3,17,0,29,17
256,lazy-inductive,11,3958,3911,28,19,6,3,19,0,25,19
256,lazy-inductive,12,3958,3860,72,55,12,5,26,8,75,26
256,lazy-inductive,13,3958,3921,21,12,6,3,16,0,18,16
256,lazy-inductive,14,3958,3911,31,26,2,3,16,0,28,16
256,lazy-inductive,15,3958,3920,22,9,10,3,16,0,19,16
256,lazy-inductive,16,3958,3921,21,13,5,3,16,0,18,16
256,lazy-inductive,17,3958,3797,111,97,9,5,50,35,141,50
256,lazy-inductive,18,3958,3915,27,19,4,4,16,1,24,16
256,lazy-inductive,19,3958,3923,22,17,2,3,13,0,19,13
256,lazy-inductive,20,3958,3918,23,14,6,3,17,0,20,17
256,lazy-inductive,21,3958,3910,33,27,3,3,15,0,30,15
256,lazy-inductive,22,3958,3909,31,21,5,5,18,2,28,18
256,lazy-inductive,23,3958,3918,24,14,7,3,16,0,21,16
256,lazy-inductive,24,3958,3865,60,46,10,4,33,12,68,33
256,lazy-inductive,25,3958,3886,48,37,7,4,24,3,47,24
256,lazy-inductive,26,3958,3913,28,19,5,4,17,0,24,17
256,lazy-inductive,27,3958,3914,26,14,9,3,18,0,23,18
256,lazy-inductive,28,3958,3892,45,27,13,5,21,7,47,21
256,lazy-inductive,29,3958,3906,31,17,11,3,21,0,28,21
256,lazy-inductive,30,3958,3915,23,13,7,3,20,0,20,20
256,lazy-inductive,31,3958,3909,29,18,8,3,20,0,26,20
256,lazy-inductive,32,3958,3916,24,15,6,3,18,0,21,18
256,lazy-inductive,33,3958,3874,56,41,10,5,28,10,61,28
256,lazy-inductive,34,3958,3898,39,26,9,4,21,1,36,21
256,lazy-inductive,35,3958,3914,24,10,11,3,20,0,21,20
256,lazy-inductive,36,3958,3916,24,14,7,3,18,0,21,18
256,lazy-inductive,37,3958,3907,32,17,11,4,19,1,29,19
256,lazy-inductive,38,3958,3900,40,15,22,3,18,0,37,18
256,lazy-inductive,39,3958,3692,191,169,15,7,75,70,254,75
256,lazy-inductive,40,3958,3910,31,21,6,4,17,2,29,17
256,lazy-inductive,41,3958,3915,27,17,6,4,16,1,24,16
256,lazy-inductive,42,3958,3908,30,21,6,3,20,0,27,20
256,lazy-inductive,43,3958,3823,101,82,13,6,34,11,106,34
256,lazy-inductive,44,3958,3919,22,11,8,3,17,0,19,17
256,lazy-inductive,45,3958,3910,31,22,5,4,17,2,29,17
256,lazy-inductive,46,3958,3909,29,21,5,3,20,0,26,20
256,lazy-inductive,47,3958,3855,73,54,13,6,30,15,82,30
256,lazy-inductive,48,3958,3902,35,21,10,4,21,1,32,21
256,lazy-inductive,49,3958,3918,27,20,4,3,13,0,24,13
256,lazy-inductive,50,3958,3890,42,33,5,4,26,5,43,26
256,lazy-inductive,51,3958,3894,38,22,12,4,26,5,39,26
256,lazy-inductive,52,3958,3906,33,23,6,4,19,3,32,19
256,lazy-inductive,53,3958,3901,35,22,9,4,22,0,31,22
256,lazy-inductive,54,3958,3893,40,19,18,3,25,0,37,25
256,lazy-inductive,55,3958,3912,24,12,9,3,22,0,21,22
256,lazy-inductive,56,3958,3902,34,17,14,3,22,0,31,22
256,lazy-inductive,57,3958,3903,32,18,10,4,23,6,34,23
256,lazy-inductive,58,3958,3919,28,21,4,3,11,0,25,11
256,lazy-inductive,59,3958,3895,37,30,3,4,26,9,42,26
256,lazy-inductive,60,3958,3897,40,27,9,4,21,1,37,21
256,lazy-inductive,61,3958,3904,33,19,10,4,21,1,30,21
256,lazy-inductive,62,3958,3916,25,17,5,3,17,0,22,17
256,lazy-inductive,63,3958,3905,34,19,12,3,19,0,31,19
256,lazy-inductive,64,3958,3843,85,65,13,7,30,9,87,30
256,lazy-inductive,65,3958,3916,29,26,0,3,13,0,26,13
256,lazy-inductive,66,3958,3911,30,13,14,3,17,0,27,17
256,lazy-inductive,67,3958,3904,33,19,11,3,21,0,30,21
256,lazy-inductive,68,3958,3689,189,172,10,7,80,54,236,80
256,lazy-inductive,69,3958,3913,31,24,4,3,14,0,28,14
256,lazy-inductive,70,3958,3837,100,91,4,5,21,9,104,21
256,lazy-inductive,71,3958,3924,19,10,6,3,15,0,16,15
256,lazy-inductive,72,3958,3925,18,9,6,3,15,0,15,15
256,lazy-inductive,73,3958,3890,51,42,3,6,17,3,48,17
256,lazy-inductive,74,3958,3910,33,26,4,3,15,0,30,15
256,lazy-inductive,75,3958,3922,21,10,8,3,15,0,18,15
256,lazy-inductive,76,3958,3878,57,44,8,5,23,10,62,23
256,lazy-inductive,77,3958,3906,35,27,4,4,17,1,32,17
256,lazy-inductive,78,3958,3907,32,19,9,4,19,2,30,19
256,lazy-inductive,79,3958,3916,26,18,5,3,16,0,23,16
256,lazy-inductive,80,3958,3909,34,18,13,3,15,0,31,15
256,lazy-inductive,81,3958,3652,224,202,15,7,82,15,232,82
256,lazy-inductive,82,3958,3927,20,16,1,3,11,0,17,11
256,lazy-inductive,83,3958,3859,85,76,5,4,14,1,82,14
256,lazy-inductive,84,3958,3897,49,43,3,3,12,0,46,12
256,lazy-inductive,85,3958,3903,43,33,7,3,12,0,40,12
256,lazy-inductive,86,3958,3307,467,419,40,8,184,255,714,184
256,lazy-inductive,87,3958,3914,28,20,4,4,16,1,25,16
256,lazy-inductive,88,3958,3920,23,15,5,3,15,0,20,15
256,lazy-inductive,89,3958,3905,34,26,4,4,19,6,36,19
256,lazy-inductive,90,3958,3919,25,16,5,4,14,1,22,14
256,lazy-inductive,91,3958,3923,22,14,5,3,13,0,19,13
256,lazy-inductive,92,3958,3908,35,22,8,5,15,1,31,15
256,lazy-inductive,93,3958,3921,22,9,10,3,15,0,19,15
256,lazy-inductive,94,3958,3843,85,69,11,5,30,19,99,30
256,lazy-inductive,95,3958,3913,28,19,5,4,17,2,26,17
256,lazy-inductive,96,3958,3925,18,9,6,3,15,0,15,15
256,lazy-inductive,97,3958,3915,27,20,4,3,16,0,24,16
256,lazy-inductive,98,3958,3884,55,43,6,6,19,5,54,19
256,lazy-inductive,99,3958,3920,26,20,3,3,12,0,23,12
256,lazy-inductive,100,3958,3889,49,38,5,6,20,5,48,20
256,lazy-inductive,101,3958,3916,26,18,4,4,16,1,23,16
256,lazy-inductive,102,3958,3910,29,16,9,4,19,1,26,19
256,lazy-inductive,103,3958,3915,28,19,6,3,15,0,25,15
256,lazy-inductive,104,3958,3912,29,16,10,3,17,0,26,17
256,lazy-inductive,105,3958,3698,197,180,8,9,63,46,234,63
256,lazy-inductive,106,3958,3912,32,27,2,3,14,0,29,14
256,lazy-inductive,107,3958,3911,33,28,2,3,14,0,30,14
256,lazy-inductive,108,3958,3921,24,16,5,3,13,0,21,13
256,lazy-inductive,109,3958,3812,100,84,10,6,46,14,108,46
256,lazy-inductive,110,3958,3915,27,18,6,3,16,0,24,16
256,lazy-inductive,111,3958,3898,42,30,7,5,18,2,39,18
256,lazy-inductive,112,3958,3907,34,27,4,3,17,0,31,17
256,lazy-inductive,113,3958,3835,87,72,9,6,36,18,99,36
256,lazy-inductive,114,3958,3914,28,20,4,4,16,2,26,16
256,lazy-inductive,115,3958,3909,28,13,11,4,21,1,25,21
256,lazy-inductive,116,3958,3915,27,18,6,3,16,0,24,16
256,lazy-inductive,117,3958,3913,27,15,9,3,18,0,24,18
256,lazy-inductive,118,3958,3901,37,22,10,5,20,1,33,20
256,lazy-inductive,119,3958,3917,23,11,9,3,18,0,20,18
256,lazy-inductive,120,3958,3890,42,34,4,4,26,9,47,26
256,lazy-inductive,121,3958,3907,32,19,9,4,19,2,30,19
256,lazy-inductive,122,3958,3916,25,19,3,3,17,0,22,17
256,lazy-inductive,123,3958,3913,27,13,11,3,18,0,24,18
256,lazy-inductive,124,3958,3849,73,56,11,6,36,16,83,36
256,lazy-inductive,125,3958,3906,32,25,4,3,20,0,29,20
256,lazy-inductive,126,3958,3875,58,39,13,6,25,5,57,25
256,lazy-inductive,127,3958,3919,22,15,4,3,17,0,19,17
256,lazy-inductive,128,3958,3897,40,23,11,6,21,1,35,21
256,lazy-inductive,129,3958,3910,27,11,13,3,21,0,24,21
256,lazy-inductive,130,3958,3909,29,16,10,3,20,0,26,20
256,lazy-inductive,131,3958,3914,25,17,5,3,19,0,22,19
256,lazy-inductive,132,3958,3903,36,26,6,4,19,5,37,19
256,lazy-inductive,133,3958,3904,39,19,17,3,15,0,36,15
256,lazy-inductive,134,3958,3831,93,64,22,7,34,14,100,34
256,lazy-inductive,135,3958,3914,29,22,4,3,15,0,26,15
256,lazy-inductive,136,3958,3896,47,30,14,3,15,0,44,15
256,lazy-inductive,137,3958,3539,317,286,24,7,102,113,423,102
256,lazy-inductive,138,3958,3922,21,13,5,3,15,0,18,15
256,lazy-inductive,139,3958,3911,30,21,4,5,17,2,27,17
256,lazy-inductive,140,3958,3907,34,28,2,4,17,0,30,17
256,lazy-inductive,141,3958,3913,29,19,7,3,16,0,26,16
256,lazy-inductive,142,3958,3920,21,14,4,3,17,0,18,17
256,lazy-inductive,143,3958,3853,80,67,7,6,25,16,90,25
256,lazy-inductive,144,3958,3924,19,12,4,3,15,0,16,15
256,lazy-inductive,145,3958,3921,21,13,5,3,16,0,18,16
256,lazy-inductive,146,3958,3919,24,18,3,3,15,0,21,15
256,lazy-inductive,147,3958,3914,29,18,8,3,15,0,26,15
256,lazy-inductive,148,3958,3779,131,121,6,4,48,11,138,48
256,lazy-inductive,149,3958,3860,60,52,4,4,38,1,57,38
256,lazy-inductive,150,3958,3918,25,18,4,3,15,0,22,15
256,lazy-inductive,151,3958,3846,80,63,11,6,32,5,79,32
256,lazy-inductive,152,3958,3911,30,24,2,4,17,1,27,17
256,lazy-inductive,153,3958,3914,29,19,7,3,15,0,26,15
256,lazy-inductive,154,3958,3900,37,21,11,5,21,2,34,21
256,lazy-inductive,155,3958,3915,24,11,10,3,19,0,21,19
256,lazy-inductive,156,3958,3898,38,25,8,5,22,3,36,22
256,lazy-inductive,157,3958,3906,34,24,7,3,18,0,31,18
256,lazy-inductive,158,3958,3883,49,35,8,6,26,9,52,26
256,lazy-inductive,159,3958,3915,25,15,7,3,18,0,22,18
256,lazy-inductive,160,3958,3912,27,17,7,3,19,0,24,19
256,lazy-inductive,161,3958,3892,42,29,8,5,24,2,39,24
256,lazy-inductive,162,3958,3915,26,15,8,3,17,0,23,17
256,lazy-inductive,163,3958,3914,27,13,11,3,17,0,24,17
256,lazy-inductive,164,3958,3846,77,55,17,5,35,28,100,35
256,lazy-inductive,165,3958,3914,25,17,5,3,19,0,22,19
256,lazy-inductive,166,3958,3881,55,40,9,6,22,5,54,22
256,lazy-inductive,167,3958,3924,19,10,6,3,15,0,16,15
256,lazy-inductive,168,3958,3921,20,8,9,3,17,0,17,17
256,lazy-inductive,169,3958,3899,41,26,10,5,18,5,41,18
256,lazy-inductive,170,3958,3920,22,16,3,3,16,0,19,16
256,lazy-inductive,171,3958,3916,23,9,11,3,19,0,20,19
256,lazy-inductive,172,3958,3915,28,19,6,3,15,0,25,15
256,lazy-inductive,173,3958,3922,19,10,6,3,17,0,16,17
256,lazy-inductive,174,3958,3897,45,15,27,3,16,0,42,16
256,lazy-inductive,175,3958,2944,748,680,57,11,266,343,1080,266
256,lazy-inductive,176,3958,3919,23,15,4,4,16,1,20,16
256,lazy-inductive,177,3958,3920,23,13,7,3,15,0,20,15
256,lazy-inductive,178,3958,3907,35,26,4,5,16,3,33,16
256,lazy-inductive,179,3958,3917,28,20,4,4,13,0,24,13
256,lazy-inductive,180,3958,3919,25,15,7,3,14,0,22,14
256,lazy-inductive,181,3958,3880,59,50,4,5,19,7,61,19
256,lazy-inductive,182,3958,3922,22,14,5,3,14,0,19,14
256,lazy-inductive,183,3958,3900,41,31,5,5,17,3,39,17
256,lazy-inductive,184,3958,3919,28,23,1,4,11,0,24,11
256,lazy-inductive,185,3958,3918,25,14,8,3,15,0,22,15
256,lazy-inductive,186,3958,3895,40,34,2,4,23,11,47,23
256,lazy-inductive,187,3958,3919,25,18,3,4,14,1,22,14
256,lazy-inductive,188,3958,3894,47,39,4,4,17,2,45,17
256,lazy-inductive,189,3958,3925,20,14,3,3,13,0,17,13
256,lazy-inductive,190,3958,3914,28,18,6,4,16,2,26,16
256,lazy-inductive,191,3958,3919,25,14,8,3,14,0,22,14
256,lazy-inductive,192,3958,3739,164,138,20,6,55,57,215,55
256,lazy-inductive,193,3958,3925,19,13,3,3,14,0,16,14
256,lazy-inductive,194,3958,3866,72,62,4,6,20,5,71,20
256,lazy-inductive,195,3958,3918,23,11,9,3,17,0,20,17
256,lazy-inductive,196,3958,3922,19,12,4,3,17,0,16,17
256,lazy-inductive,197,3958,3907,35,24,6,5,16,0,30,16
256,lazy-inductive,198,3958,3916,27,18,6,3,15,0,24,15
256,lazy-inductive,199,3958,3877,59,42,12,5,22,10,64,22
256,lazy-inductive,200,3958,3923,22,16,3,3,13,0,19,13
256,lazy-inductive,201,3958,3913,29,18,7,4,16,1,26,16
256,lazy-inductive,202,3958,3922,20,11,6,3,16,0,17,16
256,lazy-inductive,203,3958,3917,26,16,7,3,15,0,23,15
256,lazy-inductive,204,3958,3919,25,20,2,3,14,0,22,14
256,lazy-inductive,205,3958,3834,86,75,6,5,38,24,105,38
256,lazy-inductive,206,3958,3914,32,27,1,4,12,0,28,12
256,lazy-inductive,207,3958,3911,30,21,5,4,17,1,27,17
256,lazy-inductive,208,3958,3926,19,14,2,3,13,0,16,13
256,lazy-inductive,209,3958,3915,28,17,8,3,15,0,25,15
256,lazy-inductive,210,3958,3841,90,72,10,8,27,13,95,27
256,lazy-inductive,211,3958,3914,27,19,4,4,17,0,23,17
256,lazy-inductive,212,3958,3911,29,15,11,3,18,0,26,18
256,lazy-inductive,213,3958,3922,19,10,6,3,17,0,16,17
256,lazy-inductive,214,3958,3906,34,24,5,5,18,2,31,18
256,lazy-inductive,215,3958,3919,24,16,5,3,15,0,21,15
256,lazy-inductive,216,3958,3925,17,10,4,3,16,0,14,16
256,lazy-inductive,217,3958,3896,43,31,7,5,19,3,41,19
256,lazy-inductive,218,3958,3916,28,16,9,3,14,0,25,14
256,lazy-inductive,219,3958,3921,25,11,11,3,12,0,22,12
256,lazy-inductive,220,3958,3499,369,330,32,7,90,111,473,90
256,lazy-inductive,221,3958,3921,23,18,2,3,14,0,20,14
256,lazy-inductive,222,3958,3902,40,35,1,4,16,1,37,16
256,lazy-inductive,223,3958,3918,27,22,2,3,13,0,24,13
256,lazy-inductive,224,3958,3853,78,64,7,7,27,16,87,27
256,lazy-inductive,225,3958,3917,26,19,3,4,15,1,23,15
256,lazy-inductive,226,3958,3924,20,12,5,3,14,0,17,14
256,lazy-inductive,227,3958,3910,29,25,1,3,19,0,26,19
256,lazy-inductive,228,3958,3882,52,34,14,4,24,16,64,24
256,lazy-inductive,229,3958,3913,28,19,5,4,17,0,24,17
256,lazy-inductive,230,3958,3914,27,16,8,3,17,0,24,17
256,lazy-inductive,231,3958,3920,21,15,3,3,17,0,18,17
256,lazy-inductive,232,3958,3906,35,25,5,5,17,1,31,17
256,lazy-inductive,233,3958,3924,19,9,7,3,15,0,16,15
256,lazy-inductive,234,3958,3899,43,31,7,5,16,2,40,16
256,lazy-inductive,235,3958,3910,38,25,10,3,10,0,35,10
256,lazy-inductive,236,3958,3736,175,147,19,9,47,54,220,47
256,lazy-inductive,237,3958,3920,21,16,2,3,17,0,18,17
256,lazy-inductive,238,3958,3907,36,27,4,5,15,0,31,15
256,lazy-inductive,239,3958,3921,22,16,2,4,15,1,19,15
256,lazy-inductive,240,3958,3924,20,10,7,3,14,0,17,14
256,lazy-inductive,241,3958,3901,42,33,3,6,15,2,38,15
256,lazy-inductive,242,3958,3925,19,12,4,3,14,0,16,14
256,lazy-inductive,243,3958,3920,24,17,4,3,14,0,21,14
256,lazy-inductive,244,3958,3820,103,76,19,8,35,36,131,35
256,lazy-inductive,245,3958,3923,19,12,4,3,16,0,16,16
256,lazy-inductive,246,3958,3922,19,8,8,3,17,0,16,17
256,lazy-inductive,247,3958,3916,25,17,4,4,17,3,24,17
256,lazy-inductive,248,3958,3921,24,15,5,4,13,1,21,13
256,lazy-inductive,249,3958,3920,25,16,6,3,13,0,22,13
256,lazy-inductive,250,3958,3924,18,11,4,3,16,0,15,16
256,lazy-inductive,251,3958,3921,20,12,5,3,17,0,17,17
256,lazy-inductive,252,3958,3904,33,27,2,4,21,8,37,21
256,lazy-inductive,253,3958,3905,36,28,4,4,17,1,33,17
256,lazy-inductive,254,3958,3915,26,16,6,4,17,1,23,17
256,lazy-inductive,255,3958,3910,35,27,5,3,13,0,32,13
256,lazy-inductive,256,3958,3893,45,30,12,3,20,0,42,20
256,lazy-cartesian,2,3958,3695,198,195,0,3,65,0,195,65
256,lazy-cartesian,3,3958,3106,587,571,11,5,265,20,602,265
256,lazy-cartesian,4,3958,3903,27,23,1,3,28,8,32,28
256,lazy-cartesian,5,3958,3892,40,31,5,4,26,8,44,26
256,lazy-cartesian,6,3958,3908,27,17,6,4,23,5,28,23
256,lazy-cartesian,7,3958,3895,36,23,9,4,27,7,39,27
256,lazy-cartesian,8,3958,3905,32,22,6,4,21,5,33,21
256,lazy-cartesian,9,3958,3909,28,21,3,4,21,7,31,21
256,lazy-cartesian,10,3958,3900,34,19,12,3,24,7,38,24
256,lazy-cartesian,11,3958,3901,30,21,6,3,27,8,35,27
256,lazy-cartesian,12,3958,3863,71,56,10,5,24,6,72,24
256,lazy-cartesian,13,3958,3909,28,19,6,3,21,5,30,21
256,lazy-cartesian,14,3958,3908,31,26,2,3,19,3,31,19
256,lazy-cartesian,15,3958,3917,23,10,10,3,18,2,22,18
256,lazy-cartesian,16,3958,3917,21,14,4,3,20,4,22,20
256,lazy-cartesian,17,3958,3860,66,52,9,5,32,17,78,32
256,lazy-cartesian,18,3958,3906,28,20,4,4,24,9,33,24
256,lazy-cartesian,19,3958,3919,24,18,3,3,15,2,23,15
256,lazy-cartesian,20,3958,3910,25,16,6,3,23,6,28,23
256,lazy-cartesian,21,3958,3906,34,28,3,3,18,3,34,18
256,lazy-cartesian,22,3958,3908,29,19,5,5,21,5,29,21
256,lazy-cartesian,23,3958,3913,24,14,7,3,21,5,26,21
256,lazy-cartesian,24,3958,3899,35,21,10,4,24,3,34,24
256,lazy-cartesian,25,3958,3873,55,45,6,4,30,9,60,30
256,lazy-cartesian,26,3958,3912,26,17,5,4,20,3,25,20
256,lazy-cartesian,27,3958,3904,30,18,9,3,24,6,33,24
256,lazy-cartesian,28,3958,3890,48,31,12,5,20,6,49,20
256,lazy-cartesian,29,3958,3898,31,17,11,3,29,8,36,29
256,lazy-cartesian,30,3958,3908,24,14,7,3,26,6,27,26
256,lazy-cartesian,31,3958,3899,32,22,7,3,27,7,36,27
256,lazy-cartesian,32,3958,3910,25,16,6,3,23,5,27,23
256,lazy-cartesian,33,3958,3874,58,43,10,5,26,8,61,26
256,lazy-cartesian,34,3958,3879,45,32,9,4,34,14,55,34
256,lazy-cartesian,35,3958,3912,24,10,11,3,22,2,23,22
256,lazy-cartesian,36,3958,3909,26,17,6,3,23,5,28,23
256,lazy-cartesian,37,3958,3906,30,16,10,4,22,4,30,22
256,lazy-cartesian,38,3958,3893,43,18,22,3,22,4,44,22
256,lazy-cartesian,39,3958,3716,195,173,15,7,47,42,230,47
256,lazy-cartesian,40,3958,3904,33,23,6,4,21,6,35,21
256,lazy-cartesian,41,3958,3896,39,29,6,4,23,8,43,23
256,lazy-cartesian,42,3958,3907,30,21,6,3,21,1,28,21
256,lazy-cartesian,43,3958,3832,93,77,10,6,33,10,97,33
256,lazy-cartesian,44,3958,3914,23,12,8,3,21,4,24,21
256,lazy-cartesian,45,3958,3904,31,22,5,4,23,8,35,23
256,lazy-cartesian,46,3958,3904,30,22,5,3,24,4,31,24
256,lazy-cartesian,47,3958,3847,80,64,10,6,31,16,90,31
256,lazy-cartesian,48,3958,3904,29,15,10,4,25,5,30,25
256,lazy-cartesian,49,3958,3913,29,23,3,3,16,3,29,16
256,lazy-cartesian,50,3958,3899,32,23,5,4,27,6,34,27
256,lazy-cartesian,51,3958,3892,42,27,11,4,24,3,41,24
256,lazy-cartesian,52,3958,3902,35,26,5,4,21,5,36,21
256,lazy-cartesian,53,3958,3887,38,24,10,4,33,11,45,33
256,lazy-cartesian,54,3958,3891,40,19,18,3,27,2,39,27
256,lazy-cartesian,55,3958,3909,24,12,9,3,25,3,24,25
256,lazy-cartesian,56,3958,3893,34,18,13,3,31,9,40,31
256,lazy-cartesian,57,3958,3905,29,16,9,4,24,7,32,24
256,lazy-cartesian,58,3958,3919,28,21,4,3,11,0,25,11
256,lazy-cartesian,59,3958,3905,35,28,3,4,18,1,32,18
256,lazy-cartesian,60,3958,3900,34,20,10,4,24,4,34,24
256,lazy-cartesian,61,3958,3899,35,20,11,4,24,4,35,24
256,lazy-cartesian,62,3958,3908,25,17,5,3,25,8,30,25
256,lazy-cartesian,63,3958,3890,39,24,12,3,29,10,46,29
256,lazy-cartesian,64,3958,3853,77,58,12,7,28,7,77,28
256,lazy-cartesian,65,3958,3915,27,23,1,3,16,3,27,16
256,lazy-cartesian,66,3958,3905,31,14,14,3,22,5,33,22
256,lazy-cartesian,67,3958,3901,33,19,11,3,24,3,33,24
256,lazy-cartesian,68,3958,3707,198,181,10,7,53,27,218,53
256,lazy-cartesian,69,3958,3913,30,24,3,3,15,1,28,15
256,lazy-cartesian,70,3958,3880,59,49,5,5,19,7,61,19
256,lazy-cartesian,71,3958,3916,23,14,6,3,19,4,24,19
256,lazy-cartesian,72,3958,3921,19,10,6,3,18,3,19,18
256,lazy-cartesian,73,3958,3869,57,48,3,6,32,18,69,32
256,lazy-cartesian,74,3958,3885,38,31,4,3,35,20,55,35
256,lazy-cartesian,75,3958,3919,22,11,8,3,17,2,21,17
256,lazy-cartesian,76,3958,3863,63,49,9,5,32,19,77,32
256,lazy-cartesian,77,3958,3899,33,25,4,4,26,10,39,26
256,lazy-cartesian,78,3958,3907,32,19,9,4,19,2,30,19
256,lazy-cartesian,79,3958,3904,27,19,5,3,27,11,35,27
256,lazy-cartesian,80,3958,3904,35,19,13,3,19,4,36,19
256,lazy-cartesian,81,3958,3684,197,175,15,7,77,10,200,77
256,lazy-cartesian,82,3958,3849,88,84,1,3,21,10,95,21
256,lazy-cartesian,83,3958,3893,49,40,5,4,16,3,48,16
256,lazy-cartesian,84,3958,3829,82,76,3,3,47,35,114,47
256,lazy-cartesian,85,3958,3845,76,66,7,3,37,25,98,37
256,lazy-cartesian,86,3958,3397,445,413,24,8,116,187,624,116
256,lazy-cartesian,87,3958,3907,29,21,4,4,22,7,32,22
256,lazy-cartesian,88,3958,3915,24,16,5,3,19,4,25,19
256,lazy-cartesian,89,3958,3905,32,24,4,4,21,8,36,21
256,lazy-cartesian,90,3958,3920,25,16,5,4,13,0,21,13
256,lazy-cartesian,91,3958,3905,33,25,5,3,20,7,37,20
256,lazy-cartesian,92,3958,3901,38,26,7,5,19,5,38,19
256,lazy-cartesian,93,3958,3919,23,10,10,3,16,1,21,16
256,lazy-cartesian,94,3958,3875,61,45,11,5,22,11,67,22
256,lazy-cartesian,95,3958,3900,36,27,5,4,22,7,39,22
256,lazy-cartesian,96,3958,3923,18,9,6,3,17,2,17,17
256,lazy-cartesian,97,3958,3906,30,24,3,3,22,6,33,22
256,lazy-cartesian,98,3958,3894,47,35,6,6,17,3,44,17
256,lazy-cartesian,99,3958,3898,34,28,3,3,26,14,45,26
256,lazy-cartesian,100,3958,3862,65,55,4,6,31,16,75,31
256,lazy-cartesian,101,3958,3911,28,20,4,4,19,4,28,19
256,lazy-cartesian,102,3958,3910,28,15,9,4,20,2,26,20
256,lazy-cartesian,103,3958,3894,39,30,6,3,25,10,46,25
256,lazy-cartesian,104,3958,3904,32,19,10,3,22,5,34,22
256,lazy-cartesian,105,3958,3733,172,155,8,9,53,36,199,53
256,lazy-cartesian,106,3958,3871,53,48,2,3,34,20,70,34
256,lazy-cartesian,107,3958,3904,34,29,2,3,20,6,37,20
256,lazy-cartesian,108,3958,3905,30,22,5,3,23,10,37,23
256,lazy-cartesian,109,3958,3823,97,81,10,6,38,6,97,38
256,lazy-cartesian,110,3958,3897,33,24,6,3,28,12,42,28
256,lazy-cartesian,111,3958,3891,46,34,7,5,21,5,46,21
256,lazy-cartesian,112,3958,3902,35,28,4,3,21,4,36,21
256,lazy-cartesian,113,3958,3837,90,75,9,6,31,13,97,31
256,lazy-cartesian,114,3958,3911,31,23,4,4,16,2,29,16
256,lazy-cartesian,115,3958,3909,27,12,11,4,22,2,25,22
256,lazy-cartesian,116,3958,3898,34,25,6,3,26,10,41,26
256,lazy-cartesian,117,3958,3903,32,21,8,3,23,5,34,23
256,lazy-cartesian,118,3958,3898,36,22,9,5,24,5,36,24
256,lazy-cartesian,119,3958,3910,26,14,9,3,22,4,27,22
256,lazy-cartesian,120,3958,3898,32,25,3,4,28,11,39,28
256,lazy-cartesian,121,3958,3904,32,20,8,4,22,5,33,22
256,lazy-cartesian,122,3958,3905,32,27,2,3,21,4,33,21
256,lazy-cartesian,123,3958,3907,31,17,11,3,20,2,30,20
256,lazy-cartesian,124,3958,3865,65,47,12,6,28,8,67,28
256,lazy-cartesian,125,3958,3894,35,28,4,3,29,9,41,29
256,lazy-cartesian,126,3958,3872,62,45,11,6,24,4,60,24
256,lazy-cartesian,127,3958,3919,22,15,4,3,17,0,19,17
256,lazy-cartesian,128,3958,3899,38,21,11,6,21,1,33,21
256,lazy-cartesian,129,3958,3907,27,11,13,3,24,3,27,24
256,lazy-cartesian,130,3958,3900,30,17,10,3,28,8,35,28
256,lazy-cartesian,131,3958,3900,29,21,5,3,29,10,36,29
256,lazy-cartesian,132,3958,3892,44,34,6,4,22,8,48,22
256,lazy-cartesian,133,3958,3894,40,20,17,3,24,9,46,24
256,lazy-cartesian,134,3958,3826,99,69,23,7,33,13,105,33
256,lazy-cartesian,135,3958,3911,30,23,4,3,17,2,29,17
256,lazy-cartesian,136,3958,3881,47,31,13,3,30,15,59,30
256,lazy-cartesian,137,3958,3569,320,289,24,7,69,80,393,69
256,lazy-cartesian,138,3958,3916,22,14,5,3,20,5,24,20
256,lazy-cartesian,139,3958,3906,31,22,4,5,21,6,32,21
256,lazy-cartesian,140,3958,3906,32,27,1,4,20,3,31,20
256,lazy-cartesian,141,3958,3897,36,26,7,3,25,9,42,25
256,lazy-cartesian,142,3958,3916,22,16,3,3,20,3,22,20
256,lazy-cartesian,143,3958,3851,85,72,7,6,22,13,92,22
256,lazy-cartesian,144,3958,3916,23,16,4,3,19,4,24,19
256,lazy-cartesian,145,3958,3891,45,37,5,3,22,6,48,22
256,lazy-cartesian,146,3958,3907,29,23,3,3,22,7,33,22
256,lazy-cartesian,147,3958,3909,29,18,8,3,20,5,31,20
256,lazy-cartesian,148,3958,3854,63,53,6,4,41,4,63,41
256,lazy-cartesian,149,3958,3852,66,57,5,4,40,3,65,40
256,lazy-cartesian,150,3958,3893,38,31,4,3,27,12,47,27
256,lazy-cartesian,151,3958,3834,88,72,10,6,36,9,91,36
256,lazy-cartesian,152,3958,3909,29,24,1,4,20,4,29,20
256,lazy-cartesian,153,3958,3893,38,28,7,3,27,12,47,27
256,lazy-cartesian,154,3958,3894,38,22,11,5,26,7,40,26
256,lazy-cartesian,155,3958,3913,24,11,10,3,21,2,23,21
256,lazy-cartesian,156,3958,3895,40,26,9,5,23,4,39,23
256,lazy-cartesian,157,3958,3878,45,35,7,3,35,17,59,35
256,lazy-cartesian,158,3958,3876,53,39,8,6,29,12,59,29
256,lazy-cartesian,159,3958,3902,30,20,7,3,26,8,35,26
256,lazy-cartesian,160,3958,3908,28,18,7,3,22,3,28,22
256,lazy-cartesian,161,3958,3888,43,30,8,5,27,5,43,27
256,lazy-cartesian,162,3958,3909,26,15,8,3,23,6,29,23
256,lazy-cartesian,163,3958,3909,28,14,11,3,21,4,29,21
256,lazy-cartesian,164,3958,3840,91,71,15,5,27,20,106,27
256,lazy-cartesian,165,3958,3911,25,18,4,3,22,3,25,22
256,lazy-cartesian,166,3958,3872,61,45,10,6,25,8,63,25
256,lazy-cartesian,167,3958,3921,20,11,6,3,17,2,19,17
256,lazy-cartesian,168,3958,3917,22,10,9,3,19,2,21,19
256,lazy-cartesian,169,3958,3896,46,32,9,5,16,3,44,16
256,lazy-cartesian,170,3958,3913,24,18,3,3,21,5,26,21
256,lazy-cartesian,171,3958,3912,26,12,11,3,20,1,24,20
256,lazy-cartesian,172,3958,3901,31,23,5,3,26,11,39,26
256,lazy-cartesian,173,3958,3918,22,13,6,3,18,1,20,18
256,lazy-cartesian,174,3958,3896,44,15,26,3,18,2,43,18
256,lazy-cartesian,175,3958,3005,747,681,55,11,206,283,1019,206
256,lazy-cartesian,176,3958,3910,29,21,4,4,19,4,29,19
256,lazy-cartesian,177,3958,3915,23,13,7,3,20,5,25,20
256,lazy-cartesian,178,3958,3895,44,36,3,5,19,6,45,19
256,lazy-cartesian,179,3958,3916,25,17,4,4,17,4,25,17
256,lazy-cartesian,180,3958,3905,32,22,7,3,21,7,36,21
256,lazy-cartesian,181,3958,3895,46,36,5,5,17,5,46,17
256,lazy-cartesian,182,3958,3917,22,14,5,3,19,5,24,19
256,lazy-cartesian,183,3958,3886,46,36,5,5,26,12,53,26
256,lazy-cartesian,184,3958,3893,44,38,2,4,21,10,50,21
256,lazy-cartesian,185,3958,3908,30,19,8,3,20,5,32,20
256,lazy-cartesian,186,3958,3914,26,21,1,4,18,6,28,18
256,lazy-cartesian,187,3958,3898,41,35,2,4,19,6,43,19
256,lazy-cartesian,188,3958,3882,46,38,4,4,30,15,57,30
256,lazy-cartesian,189,3958,3903,34,28,3,3,21,8,39,21
256,lazy-cartesian,190,3958,3912,26,16,6,4,20,6,28,20
256,lazy-cartesian,191,3958,3912,31,20,8,3,15,1,29,15
256,lazy-cartesian,192,3958,3768,154,131,17,6,36,38,186,36
256,lazy-cartesian,193,3958,3915,22,16,3,3,21,7,26,21
256,lazy-cartesian,194,3958,3835,75,66,3,6,48,33,102,48
256,lazy-cartesian,195,3958,3914,26,14,9,3,18,1,24,18
256,lazy-cartesian,196,3958,3919,19,12,4,3,20,3,19,20
256,lazy-cartesian,197,3958,3902,36,25,6,5,20,4,35,20
256,lazy-cartesian,198,3958,3904,29,20,6,3,25,10,36,25
256,lazy-cartesian,199,3958,3871,60,46,9,5,27,15,70,27
256,lazy-cartesian,200,3958,3919,22,16,3,3,17,4,23,17
256,lazy-cartesian,201,3958,3909,32,22,6,4,17,2,30,17
256,lazy-cartesian,202,3958,3915,22,13,6,3,21,5,24,21
256,lazy-cartesian,203,3958,3905,32,22,7,3,21,6,35,21
256,lazy-cartesian,204,3958,3907,28,24,1,3,23,9,34,23
256,lazy-cartesian,205,3958,3880,60,48,7,5,18,4,59,18
256,lazy-cartesian,206,3958,3920,25,20,1,4,13,1,22,13
256,lazy-cartesian,207,3958,3906,29,20,5,4,23,7,32,23
256,lazy-cartesian,208,3958,3916,23,18,2,3,19,6,26,19
256,lazy-cartesian,209,3958,3898,37,26,8,3,23,8,42,23
256,lazy-cartesian,210,3958,3838,87,70,9,8,33,19,98,33
256,lazy-cartesian,211,3958,3913,26,18,4,4,19,2,24,19
256,lazy-cartesian,212,3958,3902,35,21,11,3,21,3,35,21
256,lazy-cartesian,213,3958,3916,23,14,6,3,19,2,22,19
256,lazy-cartesian,214,3958,3901,36,27,4,5,21,5,36,21
256,lazy-cartesian,215,3958,3915,25,18,4,3,18,3,25,18
256,lazy-cartesian,216,3958,3922,18,11,4,3,18,2,17,18
256,lazy-cartesian,217,3958,3879,52,39,8,5,27,11,58,27
256,lazy-cartesian,218,3958,3907,29,17,9,3,22,8,34,22
256,lazy-cartesian,219,3958,3917,26,12,11,3,15,3,26,15
256,lazy-cartesian,220,3958,3517,363,328,28,7,78,99,455,78
256,lazy-cartesian,221,3958,3916,23,19,1,3,19,5,25,19
256,lazy-cartesian,222,3958,3905,33,28,1,4,20,5,34,20
256,lazy-cartesian,223,3958,3892,38,33,2,3,28,15,50,28
256,lazy-cartesian,224,3958,3866,72,57,8,7,20,9,74,20
256,lazy-cartesian,225,3958,3895,39,32,3,4,24,10,45,24
256,lazy-cartesian,226,3958,3920,21,13,5,3,17,3,21,17
256,lazy-cartesian,227,3958,3893,36,33,0,3,29,10,43,29
256,lazy-cartesian,228,3958,3881,57,41,12,4,20,12,65,20
256,lazy-cartesian,229,3958,3888,46,37,5,4,24,7,49,24
256,lazy-cartesian,230,3958,3901,34,23,8,3,23,6,37,23
256,lazy-cartesian,231,3958,3910,26,20,3,3,22,5,28,22
256,lazy-cartesian,232,3958,3890,45,35,5,5,23,7,47,23
256,lazy-cartesian,233,3958,3921,20,10,7,3,17,2,19,17
256,lazy-cartesian,234,3958,3901,43,31,7,5,14,0,38,14
256,lazy-cartesian,235,3958,3889,43,30,10,3,26,16,56,26
256,lazy-cartesian,236,3958,3759,165,137,19,9,34,41,197,34
256,lazy-cartesian,237,3958,3919,21,16,2,3,18,1,19,18
256,lazy-cartesian,238,3958,3916,26,16,5,5,16,1,22,16
256,lazy-cartesian,239,3958,3908,30,24,2,4,20,6,32,20
256,lazy-cartesian,240,3958,3921,22,12,7,3,15,1,20,15
256,lazy-cartesian,241,3958,3887,46,38,2,6,25,12,52,25
256,lazy-cartesian,242,3958,3914,25,18,4,3,19,5,27,19
256,lazy-cartesian,243,3958,3909,27,20,4,3,22,8,32,22
256,lazy-cartesian,244,3958,3821,113,88,17,8,24,25,130,24
256,lazy-cartesian,245,3958,3918,20,13,4,3,20,4,21,20
256,lazy-cartesian,246,3958,3921,19,8,8,3,18,1,17,18
256,lazy-cartesian,247,3958,3910,28,20,4,4,20,6,30,20
256,lazy-cartesian,248,3958,3924,21,12,5,4,13,1,18,13
256,lazy-cartesian,249,3958,3899,38,29,6,3,21,8,43,21
256,lazy-cartesian,250,3958,3916,22,15,4,3,20,4,23,20
256,lazy-cartesian,251,3958,3920,20,12,5,3,18,1,18,18
256,lazy-cartesian,252,3958,3892,42,37,1,4,24,11,49,24
256,lazy-cartesian,253,3958,3906,31,22,5,4,21,5,32,21
256,lazy-cartesian,254,3958,3910,26,16,6,4,22,6,28,22
256,lazy-cartesian,255,3958,3905,35,27,5,3,18,5,37,18
256,lazy-cartesian,256,3958,3868,62,48,11,3,28,8,67,28
256,lazy-pathwise,2,3958,3695,198,195,0,3,65,0,195,65
256,lazy-pathwise,3,3958,1251,538,532,1,5,2169,1924,2457,2169
256,lazy-pathwise,4,3958,3912,26,21,2,3,20,0,23,20
256,lazy-pathwise,5,3958,3882,37,28,5,4,39,21,54,39
256,lazy-pathwise,6,3958,3901,37,26,7,4,20,2,35,20
256,lazy-pathwise,7,3958,3893,43,30,9,4,22,2,41,22
256,lazy-pathwise,8,3958,3914,28,17,7,4,16,0,24,16
256,lazy-pathwise,9,3958,3918,26,19,3,4,14,0,22,14
256,lazy-pathwise,10,3958,3909,32,17,12,3,17,0,29,17
256,lazy-pathwise,11,3958,3893,32,23,6,3,33,14,43,33
256,lazy-pathwise,12,3958,3853,53,39,9,5,52,34,82,52
256,lazy-pathwise,13,3958,3921,21,12,6,3,16,0,18,16
256,lazy-pathwise,14,3958,3912,30,25,2,3,16,0,27,16
256,lazy-pathwise,15,3958,3906,34,21,10,3,18,2,33,18
256,lazy-pathwise,16,3958,3835,67,59,5,3,56,40,104,56
256,lazy-pathwise,17,3958,3800,99,84,10,5,59,44,138,59
256,lazy-pathwise,18,3958,3916,27,18,5,4,15,0,23,15
256,lazy-pathwise,19,3958,3923,22,17,2,3,13,0,19,13
256,lazy-pathwise,20,3958,3910,27,18,6,3,21,4,28,21
256,lazy-pathwise,21,3958,3902,37,31,3,3,19,4,38,19
256,lazy-pathwise,22,3958,3885,49,38,6,5,24,8,52,24
256,lazy-pathwise,23,3958,3918,24,14,7,3,16,0,21,16
256,lazy-pathwise,24,3958,3836,58,43,11,4,64,43,97,64
256,lazy-pathwise,25,3958,3838,57,49,4,4,63,42,95,63
256,lazy-pathwise,26,3958,3917,24,15,5,4,17,0,20,17
256,lazy-pathwise,27,3958,3914,26,14,9,3,18,0,23,18
256,lazy-pathwise,28,3958,3889,40,25,10,5,29,15,50,29
256,lazy-pathwise,29,3958,3906,31,17,11,3,21,0,28,21
256,lazy-pathwise,30,3958,3912,26,15,8,3,20,0,23,20
256,lazy-pathwise,31,3958,3904,34,23,8,3,20,0,31,20
256,lazy-pathwise,32,3958,3886,36,26,7,3,36,18,51,36
256,lazy-pathwise,33,3958,3862,58,43,10,5,38,20,73,38
256,lazy-pathwise,34,3958,3900,38,25,9,4,20,0,34,20
256,lazy-pathwise,35,3958,3914,24,10,11,3,20,0,21,20
256,lazy-pathwise,36,3958,3912,25,15,7,3,21,3,25,21
256,lazy-pathwise,37,3958,3909,31,16,11,4,18,0,27,18
256,lazy-pathwise,38,3958,3900,40,15,22,3,18,0,37,18
256,lazy-pathwise,39,3958,3600,149,126,16,7,209,204,346,209
256,lazy-pathwise,40,3958,3914,28,18,6,4,16,1,25,16
256,lazy-pathwise,41,3958,3915,28,17,7,4,15,0,24,15
256,lazy-pathwise,42,3958,3908,30,21,6,3,20,0,27,20
256,lazy-pathwise,43,3958,3685,93,78,9,6,180,157,244,180
256,lazy-pathwise,44,3958,3919,22,11,8,3,17,0,19,17
256,lazy-pathwise,45,3958,3916,27,17,6,4,15,0,23,15
256,lazy-pathwise,46,3958,3909,29,21,5,3,20,0,26,20
256,lazy-pathwise,47,3958,3754,77,65,6,6,127,112,183,127
256,lazy-pathwise,48,3958,3910,28,14,10,4,20,0,24,20
256,lazy-pathwise,49,3958,3918,27,20,4,3,13,0,24,13
256,lazy-pathwise,50,3958,3877,38,28,6,4,43,22,56,43
256,lazy-pathwise,51,3958,3873,39,24,11,4,46,25,60,46
256,lazy-pathwise,52,3958,3898,31,23,4,4,29,13,40,29
256,lazy-pathwise,53,3958,3901,35,21,10,4,22,0,31,22
256,lazy-pathwise,54,3958,3893,40,19,18,3,25,0,37,25
256,lazy-pathwise,55,3958,3907,26,13,10,3,25,3,26,25
256,lazy-pathwise,56,3958,3889,42,25,14,3,27,5,44,27
256,lazy-pathwise,57,3958,3911,30,16,10,4,17,0,26,17
256,lazy-pathwise,58,3958,3919,28,21,4,3,11,0,25,11
256,lazy-pathwise,59,3958,3907,31,24,3,4,20,3,30,20
256,lazy-pathwise,60,3958,3904,31,17,10,4,23,3,30,23
256,lazy-pathwise,61,3958,3904,31,17,10,4,23,3,30,23
256,lazy-pathwise,62,3958,3916,25,17,5,3,17,0,22,17
256,lazy-pathwise,63,3958,3901,37,22,12,3,20,1,35,20
256,lazy-pathwise,64,3958,3803,73,55,11,7,82,61,127,82
256,lazy-pathwise,65,3958,3916,29,26,0,3,13,0,26,13
256,lazy-pathwise,66,3958,3898,42,25,14,3,18,1,40,18
256,lazy-pathwise,67,3958,3735,73,58,12,3,150,129,199,150
256,lazy-pathwise,68,3958,3361,182,164,11,7,415,389,564,415
256,lazy-pathwise,69,3958,3913,31,24,4,3,14,0,28,14
256,lazy-pathwise,70,3958,3879,65,56,4,5,14,2,62,14
256,lazy-pathwise,71,3958,3924,19,10,6,3,15,0,16,15
256,lazy-pathwise,72,3958,3921,21,12,6,3,16,1,19,16
256,lazy-pathwise,73,3958,3891,48,39,3,6,19,5,47,19
256,lazy-pathwise,74,3958,3910,33,26,4,3,15,0,30,15
256,lazy-pathwise,75,3958,3916,26,15,8,3,16,1,24,16
256,lazy-pathwise,76,3958,3854,72,58,9,5,32,19,86,32
256,lazy-pathwise,77,3958,3907,32,23,5,4,19,3,31,19
256,lazy-pathwise,78,3958,3912,26,14,8,4,20,3,25,20
256,lazy-pathwise,79,3958,3916,26,18,5,3,16,0,23,16
256,lazy-pathwise,80,3958,3907,36,20,13,3,15,0,33,15
256,lazy-pathwise,81,3958,3216,269,249,13,7,473,406,668,473
256,lazy-pathwise,82,3958,3927,20,16,1,3,11,0,17,11
256,lazy-pathwise,83,3958,3876,65,56,5,4,17,4,65,17
256,lazy-pathwise,84,3958,3897,49,43,3,3,12,0,46,12
256,lazy-pathwise,85,3958,3899,46,36,7,3,13,1,44,13
256,lazy-pathwise,86,3958,2394,583,568,7,8,981,1052,1627,981
256,lazy-pathwise,87,3958,3918,25,17,4,4,15,0,21,15
256,lazy-pathwise,88,3958,3920,23,15,5,3,15,0,20,15
256,lazy-pathwise,89,3958,3894,41,33,4,4,23,10,47,23
256,lazy-pathwise,90,3958,3920,25,16,5,4,13,0,21,13
256,lazy-pathwise,91,3958,3923,22,14,5,3,13,0,19,13
256,lazy-pathwise,92,3958,3904,36,24,7,5,18,4,35,18
256,lazy-pathwise,93,3958,3921,22,9,10,3,15,0,19,15
256,lazy-pathwise,94,3958,3817,82,68,9,5,59,48,125,59
256,lazy-pathwise,95,3958,3911,28,20,4,4,19,4,28,19
256,lazy-pathwise,96,3958,3925,18,9,6,3,15,0,15,15
256,lazy-pathwise,97,3958,3913,29,22,4,3,16,0,26,16
256,lazy-pathwise,98,3958,3884,46,34,6,6,28,14,54,28
256,lazy-pathwise,99,3958,3920,26,20,3,3,12,0,23,12
256,lazy-pathwise,100,3958,3885,43,32,5,6,30,15,52,30
256,lazy-pathwise,101,3958,3916,27,19,4,4,15,0,23,15
256,lazy-pathwise,102,3958,3914,26,13,9,4,18,0,22,18
256,lazy-pathwise,103,3958,3915,28,19,6,3,15,0,25,15
256,lazy-pathwise,104,3958,3901,33,19,11,3,24,7,37,24
256,lazy-pathwise,105,3958,3722,143,127,7,9,93,76,210,93
256,lazy-pathwise,106,3958,3912,32,27,2,3,14,0,29,14
256,lazy-pathwise,107,3958,3923,21,15,3,3,14,0,18,14
256,lazy-pathwise,108,3958,3898,45,37,5,3,15,2,44,15
256,lazy-pathwise,109,3958,3684,85,71,8,6,189,157,236,189
256,lazy-pathwise,110,3958,3915,27,18,6,3,16,0,24,16
256,lazy-pathwise,111,3958,3911,30,18,7,5,17,1,26,17
256,lazy-pathwise,112,3958,3907,34,27,4,3,17,0,31,17
256,lazy-pathwise,113,3958,3774,84,71,7,6,100,82,160,100
256,lazy-pathwise,114,3958,3906,30,23,3,4,22,8,34,22
256,lazy-pathwise,115,3958,3912,26,11,11,4,20,0,22,20
256,lazy-pathwise,116,3958,3915,27,18,6,3,16,0,24,16
256,lazy-pathwise,117,3958,3908,28,16,9,3,22,4,29,22
256,lazy-pathwise,118,3958,3888,39,25,9,5,31,12,46,31
256,lazy-pathwise,119,3958,3917,23,11,9,3,18,0,20,18
256,lazy-pathwise,120,3958,3903,33,25,4,4,22,5,34,22
256,lazy-pathwise,121,3958,3909,28,16,8,4,21,4,28,21
256,lazy-pathwise,122,3958,3916,25,19,3,3,17,0,22,17
256,lazy-pathwise,123,3958,3912,28,13,12,3,18,0,25,18
256,lazy-pathwise,124,3958,3852,61,43,12,6,45,25,80,45
256,lazy-pathwise,125,3958,3906,32,25,4,3,20,0,29,20
256,lazy-pathwise,126,3958,3867,48,32,10,6,43,23,65,43
256,lazy-pathwise,127,3958,3919,22,15,4,3,17,0,19,17
256,lazy-pathwise,128,3958,3900,34,17,11,6,24,4,32,24
256,lazy-pathwise,129,3958,3910,27,11,13,3,21,0,24,21
256,lazy-pathwise,130,3958,3906,32,18,11,3,20,0,29,20
256,lazy-pathwise,131,3958,3895,34,25,6,3,29,10,41,29
256,lazy-pathwise,132,3958,3911,33,23,6,4,14,0,29,14
256,lazy-pathwise,133,3958,3904,39,19,17,3,15,0,36,15
256,lazy-pathwise,134,3958,3727,85,57,21,7,146,126,204,146
256,lazy-pathwise,135,3958,3914,29,22,4,3,15,0,26,15
256,lazy-pathwise,136,3958,3899,44,27,14,3,15,0,41,15
256,lazy-pathwise,137,3958,3397,227,197,23,7,334,345,565,334
256,lazy-pathwise,138,3958,3922,21,13,5,3,15,0,18,15
256,lazy-pathwise,139,3958,3913,29,20,4,5,16,1,25,16
256,lazy-pathwise,140,3958,3908,33,27,2,4,17,0,29,17
256,lazy-pathwise,141,3958,3913,29,19,7,3,16,0,26,16
256,lazy-pathwise,142,3958,3909,25,18,4,3,24,7,29,24
256,lazy-pathwise,143,3958,3864,57,47,4,6,37,28,79,37
256,lazy-pathwise,144,3958,3924,19,12,4,3,15,0,16,15
256,lazy-pathwise,145,3958,3918,24,15,6,3,16,0,21,16
256,lazy-pathwise,146,3958,3914,29,23,3,3,15,0,26,15
256,lazy-pathwise,147,3958,3905,37,25,9,3,16,1,35,16
256,lazy-pathwise,148,3958,3742,72,62,6,4,144,107,175,144
256,lazy-pathwise,149,3958,3745,69,61,4,4,144,107,172,144
256,lazy-pathwise,150,3958,3918,25,18,4,3,15,0,22,15
256,lazy-pathwise,151,3958,3818,56,44,6,6,84,57,107,84
256,lazy-pathwise,152,3958,3912,30,24,2,4,16,0,26,16
256,lazy-pathwise,153,3958,3914,29,19,7,3,15,0,26,15
256,lazy-pathwise,154,3958,3894,40,24,11,5,24,5,40,24
256,lazy-pathwise,155,3958,3915,24,11,10,3,19,0,21,19
256,lazy-pathwise,156,3958,3892,41,27,9,5,25,6,42,25
256,lazy-pathwise,157,3958,3906,34,24,7,3,18,0,31,18
256,lazy-pathwise,158,3958,3893,43,29,8,6,22,5,42,22
256,lazy-pathwise,159,3958,3915,25,15,7,3,18,0,22,18
256,lazy-pathwise,160,3958,3910,29,19,7,3,19,0,26,19
256,lazy-pathwise,161,3958,3865,60,48,7,5,33,11,66,33
256,lazy-pathwise,162,3958,3915,26,15,8,3,17,0,23,17
256,lazy-pathwise,163,3958,3848,73,58,12,3,37,20,90,37
256,lazy-pathwise,164,3958,3764,78,60,13,5,116,109,182,116
256,lazy-pathwise,165,3958,3914,25,17,5,3,19,0,22,19
256,lazy-pathwise,166,3958,3859,53,41,6,6,46,29,76,46
256,lazy-pathwise,167,3958,3924,19,10,6,3,15,0,16,15
256,lazy-pathwise,168,3958,3917,23,11,9,3,18,1,21,18
256,lazy-pathwise,169,3958,3903,39,24,10,5,16,3,37,16
256,lazy-pathwise,170,3958,3920,22,16,3,3,16,0,19,16
256,lazy-pathwise,171,3958,3911,27,13,11,3,20,1,25,20
256,lazy-pathwise,172,3958,3909,33,24,6,3,16,1,31,16
256,lazy-pathwise,173,3958,3892,36,26,7,3,30,13,46,30
256,lazy-pathwise,174,3958,3859,68,38,27,3,31,15,80,31
256,lazy-pathwise,175,3958,1791,731,668,52,11,1436,1513,2233,1436
256,lazy-pathwise,176,3958,3921,22,14,4,4,15,0,18,15
256,lazy-pathwise,177,3958,3920,23,13,7,3,15,0,20,15
256,lazy-pathwise,178,3958,3909,31,22,4,5,18,5,31,18
256,lazy-pathwise,179,3958,3921,24,16,4,4,13,0,20,13
256,lazy-pathwise,180,3958,3919,25,15,7,3,14,0,22,14
256,lazy-pathwise,181,3958,3868,62,54,3,5,28,16,73,28
256,lazy-pathwise,182,3958,3922,22,14,5,3,14,0,19,14
256,lazy-pathwise,183,3958,3907,36,26,5,5,15,1,32,15
256,lazy-pathwise,184,3958,3921,26,21,1,4,11,0,22,11
256,lazy-pathwise,185,3958,3918,25,14,8,3,15,0,22,15
256,lazy-pathwise,186,3958,3903,36,30,2,4,19,7,39,19
256,lazy-pathwise,187,3958,3910,30,23,3,4,18,5,31,18
256,lazy-pathwise,188,3958,3896,43,36,3,4,19,4,43,19
256,lazy-pathwise,189,3958,3925,20,14,3,3,13,0,17,13
256,lazy-pathwise,190,3958,3919,25,15,6,4,14,0,21,14
256,lazy-pathwise,191,3958,3919,25,14,8,3,14,0,22,14
256,lazy-pathwise,192,3958,3637,131,116,9,6,190,192,317,190
256,lazy-pathwise,193,3958,3925,19,13,3,3,14,0,16,14
256,lazy-pathwise,194,3958,3871,63,54,3,6,24,9,66,24
256,lazy-pathwise,195,3958,3918,23,11,9,3,17,0,20,17
256,lazy-pathwise,196,3958,3920,21,14,4,3,17,0,18,17
256,lazy-pathwise,197,3958,3907,35,24,6,5,16,0,30,16
256,lazy-pathwise,198,3958,3916,27,18,6,3,15,0,24,15
256,lazy-pathwise,199,3958,3866,56,44,7,5,36,24,75,36
256,lazy-pathwise,200,3958,3923,22,16,3,3,13,0,19,13
256,lazy-pathwise,201,3958,3909,30,20,6,4,19,4,30,19
256,lazy-pathwise,202,3958,3922,20,11,6,3,16,0,17,16
256,lazy-pathwise,203,3958,3915,28,18,7,3,15,0,25,15
256,lazy-pathwise,204,3958,3854,56,51,2,3,48,34,87,48
256,lazy-pathwise,205,3958,3825,83,72,6,5,50,36,114,50
256,lazy-pathwise,206,3958,3923,20,15,1,4,15,3,19,15
256,lazy-pathwise,207,3958,3911,28,19,5,4,19,3,27,19
256,lazy-pathwise,208,3958,3926,19,14,2,3,13,0,16,13
256,lazy-pathwise,209,3958,3911,31,20,8,3,16,1,29,16
256,lazy-pathwise,210,3958,3831,68,52,8,8,59,45,105,59
256,lazy-pathwise,211,3958,3915,26,18,4,4,17,0,22,17
256,lazy-pathwise,212,3958,3911,29,15,11,3,18,0,26,18
256,lazy-pathwise,213,3958,3916,22,12,7,3,20,3,22,20
256,lazy-pathwise,214,3958,3905,33,23,5,5,20,4,32,20
256,lazy-pathwise,215,3958,3919,24,16,5,3,15,0,21,15
256,lazy-pathwise,216,3958,3898,35,27,5,3,25,9,41,25
256,lazy-pathwise,217,3958,3875,57,44,8,5,26,10,62,26
256,lazy-pathwise,218,3958,3916,28,16,9,3,14,0,25,14
256,lazy-pathwise,219,3958,3826,62,48,11,3,70,58,117,70
256,lazy-pathwise,220,3958,3314,267,244,16,7,377,398,658,377
256,lazy-pathwise,221,3958,3921,23,18,2,3,14,0,20,14
256,lazy-pathwise,222,3958,3911,32,27,1,4,15,0,28,15
256,lazy-pathwise,223,3958,3918,27,22,2,3,13,0,24,13
256,lazy-pathwise,224,3958,3870,65,51,7,7,23,12,70,23
256,lazy-pathwise,225,3958,3917,27,19,4,4,14,0,23,14
256,lazy-pathwise,226,3958,3924,20,12,5,3,14,0,17,14
256,lazy-pathwise,227,3958,3905,31,27,1,3,22,3,31,22
256,lazy-pathwise,228,3958,3864,50,39,7,4,44,36,82,44
256,lazy-pathwise,229,3958,3914,27,18,5,4,17,0,23,17
256,lazy-pathwise,230,3958,3914,27,16,8,3,17,0,24,17
256,lazy-pathwise,231,3958,3916,22,16,3,3,20,3,22,20
256,lazy-pathwise,232,3958,3903,36,26,5,5,19,3,34,19
256,lazy-pathwise,233,3958,3924,19,9,7,3,15,0,16,15
256,lazy-pathwise,234,3958,3891,45,33,7,5,22,8,48,22
256,lazy-pathwise,235,3958,3910,38,25,10,3,10,0,35,10
256,lazy-pathwise,236,3958,3681,134,111,14,9,143,150,275,143
256,lazy-pathwise,237,3958,3920,21,16,2,3,17,0,18,17
256,lazy-pathwise,238,3958,3913,30,21,4,5,15,0,25,15
256,lazy-pathwise,239,3958,3923,21,15,2,4,14,0,17,14
256,lazy-pathwise,240,3958,3924,20,10,7,3,14,0,17,14
256,lazy-pathwise,241,3958,3896,40,31,3,6,22,9,43,22
256,lazy-pathwise,242,3958,3925,19,12,4,3,14,0,16,14
256,lazy-pathwise,243,3958,3918,26,19,4,3,14,0,23,14
256,lazy-pathwise,244,3958,3793,75,58,9,8,90,91,158,90
256,lazy-pathwise,245,3958,3923,19,12,4,3,16,0,16,16
256,lazy-pathwise,246,3958,3919,22,10,9,3,17,0,19,17
256,lazy-pathwise,247,3958,3916,27,18,5,4,15,1,24,15
256,lazy-pathwise,248,3958,3925,21,12,5,4,12,0,17,12
256,lazy-pathwise,249,3958,3920,25,16,6,3,13,0,22,13
256,lazy-pathwise,250,3958,3901,33,25,5,3,24,8,38,24
256,lazy-pathwise,251,3958,3900,33,25,5,3,25,8,38,25
256,lazy-pathwise,252,3958,3912,33,27,2,4,13,0,29,13
256,lazy-pathwise,253,3958,3915,27,17,6,4,16,0,23,16
256,lazy-pathwise,254,3958,3917,25,15,6,4,16,0,21,16
256,lazy-pathwise,255,3958,3910,35,27,5,3,13,0,32,13
256,lazy-pathwise,256,3958,3847,69,54,12,3,42,22,88,42
256,eager-split,2,5227,5160,9,7,0,2,58,33,40,58
256,eager-split,3,5227,3522,537,532,1,4,1168,1111,1644,1168
256,eager-split,4,5227,5148,24,8,1,15,55,28,37,55
256,eager-split,5,5227,5115,38,13,1,24,74,49,63,74
256,eager-split,6,5227,5143,35,10,0,25,49,22,32,49
256,eager-split,7,5227,5121,40,13,5,22,66,41,59,66
256,eager-split,8,5227,5148,34,10,1,23,45,23,34,45
256,eager-split,9,5227,5147,36,10,1,25,44,20,31,44
256,eager-split,10,5227,5141,40,11,5,24,46,11,27,46
256,eager-split,11,5227,5117,31,8,2,21,79,57,67,79
256,eager-split,12,5227,5048,57,20,6,31,122,85,111,122
256,eager-split,13,5227,5158,25,8,1,16,44,21,30,44
256,eager-split,14,5227,5157,27,7,0,20,43,20,27,43
256,eager-split,15,5227,5130,33,8,3,22,64,41,52,64
256,eager-split,16,5227,5102,25,7,0,18,100,84,91,100
256,eager-split,17,5227,4710,92,25,5,62,425,392,422,425
256,eager-split,18,5227,5166,32,10,0,22,29,8,18,29
256,eager-split,19,5227,5160,31,9,2,20,36,16,27,36
256,eager-split,20,5227,5161,26,9,2,15,40,24,35,40
256,eager-split,21,5227,5175,21,7,0,14,31,15,22,31
256,eager-split,22,5227,5132,42,13,1,28,53,33,47,53
256,eager-split,23,5227,5169,26,9,2,15,32,14,25,32
256,eager-split,24,5227,5043,41,10,5,26,143,114,129,143
256,eager-split,25,5227,5030,57,19,4,34,140,122,145,140
256,eager-split,26,5227,5127,43,10,0,33,57,38,48,57
256,eager-split,27,5227,5165,32,10,3,19,30,10,23,30
256,eager-split,28,5227,5128,50,20,4,26,49,26,50,49
256,eager-split,29,5227,5155,35,8,1,26,37,20,29,37
256,eager-split,30,5227,5165,28,7,0,21,34,11,18,34
256,eager-split,31,5227,5154,35,8,3,24,38,15,26,38
256,eager-split,32,5227,5126,36,7,0,29,65,40,47,65
256,eager-split,33,5227,5052,60,19,6,35,115,88,113,115
256,eager-split,34,5227,5139,40,10,0,30,48,25,35,48
256,eager-split,35,5227,5167,32,8,1,23,28,2,11,28
256,eager-split,36,5227,5148,33,7,0,26,46,21,28,46
256,eager-split,37,5227,5139,40,10,3,27,48,27,40,48
256,eager-split,38,5227,5138,53,12,15,26,36,11,38,36
256,eager-split,39,5227,4834,104,21,11,72,289,266,298,289
256,eager-split,40,5227,5136,26,10,0,16,65,43,53,65
256,eager-split,41,5227,5165,28,10,1,17,34,17,28,34
256,eager-split,42,5227,5168,27,10,3,14,32,14,27,32
256,eager-split,43,5227,5008,60,24,7,29,159,117,148,159
256,eager-split,44,5227,5145,32,9,2,21,50,31,42,50
256,eager-split,45,5227,5140,34,10,0,24,53,26,36,53
256,eager-split,46,5227,5164,27,9,2,16,36,17,28,36
256,eager-split,47,5227,4871,89,24,5,60,267,237,266,267
256,eager-split,48,5227,5153,33,11,1,21,41,22,34,41
256,eager-split,49,5227,5173,24,9,2,13,30,7,18,30
256,eager-split,50,5227,5111,46,10,0,36,70,48,58,70
256,eager-split,51,5227,5080,58,13,2,43,89,61,76,89
256,eager-split,52,5227,5158,33,16,2,15,36,15,33,36
256,eager-split,53,5227,5146,39,10,0,29,42,9,19,42
256,eager-split,54,5227,5141,46,9,3,34,40,15,27,40
256,eager-split,55,5227,5157,35,7,0,28,35,8,15,35
256,eager-split,56,5227,5147,42,8,3,31,38,8,19,38
256,eager-split,57,5227,5161,37,10,2,25,29,11,23,29
256,eager-split,58,5227,5154,29,10,5,14,44,22,37,44
256,eager-split,59,5227,5073,54,10,0,44,100,77,87,100
256,eager-split,60,5227,5104,45,10,1,34,78,55,66,78
256,eager-split,61,5227,5125,46,13,2,31,56,22,37,56
256,eager-split,62,5227,5135,32,7,2,23,60,35,44,60
256,eager-split,63,5227,5142,38,10,4,24,47,25,39,47
256,eager-split,64,5227,5043,80,22,9,49,104,85,116,104
256,eager-split,65,5227,5158,28,7,1,20,41,20,28,41
256,eager-split,66,5227,5149,28,9,6,13,50,16,31,50
256,eager-split,67,5227,5075,38,9,6,23,114,88,103,114
256,eager-split,68,5227,4813,88,20,7,61,326,298,325,326
256,eager-split,69,5227,4994,38,7,1,30,195,155,163,195
256,eager-split,70,5227,4976,71,22,5,44,180,139,166,180
256,eager-split,71,5227,5164,27,8,1,18,36,11,20,36
256,eager-split,72,5227,5151,34,7,0,27,42,16,23,42
256,eager-split,73,5227,5098,44,17,1,26,85,58,76,85
256,eager-split,74,5227,5153,25,7,1,17,49,25,33,49
256,eager-split,75,5227,5147,30,8,2,20,50,21,31,50
256,eager-split,76,5227,5121,41,14,7,20,65,42,63,65
256,eager-split,77,5227,5104,37,10,1,26,86,58,69,86
256,eager-split,78,5227,5138,42,13,3,26,47,23,39,47
256,eager-split,79,5227,5154,31,7,1,23,42,17,25,42
256,eager-split,80,5227,5147,39,12,11,16,41,17,40,41
256,eager-split,81,5227,4994,96,24,12,60,137,106,142,137
256,eager-split,82,5227,5162,25,7,1,17,40,23,31,40
256,eager-split,83,5227,5150,27,13,3,11,50,32,48,50
256,eager-split,84,5227,5166,27,7,1,19,34,19,27,34
256,eager-split,85,5227,5176,22,9,4,9,29,9,22,29
256,eager-split,86,5227,4347,110,30,7,73,770,801,838,770
256,eager-split,87,5227,5160,19,11,1,7,48,26,38,48
256,eager-split,88,5227,5176,22,9,2,11,29,7,18,29
256,eager-split,89,5227,5077,25,13,1,11,125,106,120,125
256,eager-split,90,5227,5076,44,10,0,34,107,82,92,107
256,eager-split,91,5227,5160,27,8,1,18,40,12,21,40
256,eager-split,92,5227,5141,41,14,3,24,45,25,42,45
256,eager-split,93,5227,5175,26,9,4,13,26,8,21,26
256,eager-split,94,5227,4808,44,17,6,21,375,348,371,375
256,eager-split,95,5227,5155,31,13,2,16,41,23,38,41
256,eager-split,96,5227,5174,20,7,1,12,33,11,19,33
256,eager-split,97,5227,5156,30,8,2,20,41,20,30,41
256,eager-split,98,5227,5118,46,18,5,23,63,33,56,63
256,eager-split,99,5227,5168,24,7,1,16,35,5,13,35
256,eager-split,100,5227,5130,39,17,2,20,58,29,48,58
256,eager-split,101,5227,5155,32,10,0,22,40,12,22,40
256,eager-split,102,5227,5157,28,11,3,14,42,15,29,42
256,eager-split,103,5227,5156,30,9,2,19,41,13,24,41
256,eager-split,104,5227,5153,41,10,6,25,33,7,23,33
256,eager-split,105,5227,4499,92,31,9,52,636,586,626,636
256,eager-split,106,5227,5166,24,8,1,15,37,13,22,37
256,eager-split,107,5227,5157,29,7,0,22,41,19,26,41
256,eager-split,108,5227,5167,17,7,0,10,43,8,15,43
256,eager-split,109,5227,4945,53,23,6,24,229,219,248,229
256,eager-split,110,5227,5179,23,8,1,14,25,12,21,25
256,eager-split,111,5227,5146,37,13,1,23,44,27,41,44
256,eager-split,112,5227,5172,25,9,2,14,30,15,26,30
256,eager-split,113,5227,5032,57,23,4,30,138,138,165,138
256,eager-split,114,5227,5123,41,13,1,27,63,25,39,63
256,eager-split,115,5227,5179,26,10,0,16,22,4,14,22
256,eager-split,116,5227,5152,39,8,1,30,36,10,19,36
256,eager-split,117,5227,5143,33,8,2,23,51,19,29,51
256,eager-split,118,5227,5136,44,14,4,26,47,23,41,47
256,eager-split,119,5227,5170,30,9,2,19,27,12,23,27
256,eager-split,120,5227,5108,31,10,0,21,88,65,75,88
256,eager-split,121,5227,5112,40,14,3,23,75,52,69,75
256,eager-split,122,5227,5163,30,7,1,22,34,12,20,34
256,eager-split,123,5227,5150,37,9,3,25,40,10,22,40
256,eager-split,124,5227,5047,72,19,8,45,108,88,115,108
256,eager-split,125,5227,5156,29,7,1,21,42,21,29,42
256,eager-split,126,5227,5082,60,23,4,33,85,81,108,85
256,eager-split,127,5227,5170,31,8,1,22,26,9,18,26
256,eager-split,128,5227,5165,38,17,1,20,24,5,23,24
256,eager-split,129,5227,5133,36,7,3,26,58,42,52,58
256,eager-split,130,5227,5170,28,8,2,18,29,7,17,29
256,eager-split,131,5227,5176,20,7,0,13,31,5,12,31
256,eager-split,132,5227,5078,40,10,4,26,109,90,104,109
256,eager-split,133,5227,5050,52,11,12,29,125,114,137,125
256,eager-split,134,5227,4950,81,23,15,43,196,180,218,196
256,eager-split,135,5227,5174,20,7,1,12,33,13,21,33
256,eager-split,136,5227,5079,41,10,10,21,107,92,112,107
256,eager-split,137,5227,4470,129,31,19,79,628,630,680,628
256,eager-split,138,5227,5173,26,8,1,17,28,14,23,28
256,eager-split,139,5227,5143,36,13,1,22,48,26,40,48
256,eager-split,140,5227,5154,32,11,2,19,41,17,30,41
256,eager-split,141,5227,5123,41,12,6,23,63,36,54,63
256,eager-split,142,5227,5166,23,7,0,16,38,13,20,38
256,eager-split,143,5227,4947,47,23,3,21,233,222,248,233
256,eager-split,144,5227,5183,21,8,1,12,23,1,10,23
256,eager-split,145,5227,5130,31,7,0,24,66,43,50,66
256,eager-split,146,5227,5119,34,7,0,27,74,57,64,74
256,eager-split,147,5227,5006,44,8,4,32,177,147,159,177
256,eager-split,148,5227,4669,39,10,5,24,519,493,508,519
256,eager-split,149,5227,4788,55,16,3,36,384,368,387,384
256,eager-split,150,5227,5155,29,8,1,20,43,26,35,43
256,eager-split,151,5227,4973,63,29,5,29,191,169,203,191
256,eager-split,152,5227,5137,35,11,2,22,55,19,32,55
256,eager-split,153,5227,5162,30,8,1,21,35,8,17,35
256,eager-split,154,5227,5130,43,14,2,27,54,29,45,54
256,eager-split,155,5227,5168,25,9,2,14,34,14,25,34
256,eager-split,156,5227,5093,44,13,2,29,90,62,77,90
256,eager-split,157,5227,5145,23,9,2,12,59,35,46,59
256,eager-split,158,5227,5106,52,19,3,30,69,41,63,69
256,eager-split,159,5227,5170,20,7,1,12,37,17,25,37
256,eager-split,160,5227,5065,47,9,3,35,115,93,105,115
256,eager-split,161,5227,4935,63,14,4,45,229,196,214,229
256,eager-split,162,5227,5168,27,9,2,16,32,15,26,32
256,eager-split,163,5227,5110,38,8,6,24,79,47,61,79
256,eager-split,164,5227,5033,57,17,11,29,137,106,134,137
256,eager-split,165,5227,5167,26,7,1,18,34,13,21,34
256,eager-split,166,5227,5097,55,26,5,24,75,63,94,75
256,eager-split,167,5227,5177,26,8,1,17,24,5,14,24
256,eager-split,168,5227,5177,25,8,1,16,25,7,16,25
256,eager-split,169,5227,5133,48,19,3,26,46,28,50,46
256,eager-split,170,5227,5167,29,8,1,20,31,10,19,31
256,eager-split,171,5227,5090,36,7,1,28,101,80,88,101
256,eager-split,172,5227,5164,30,8,3,19,33,10,21,33
256,eager-split,173,5227,5177,23,7,0,16,27,6,13,27
256,eager-split,174,5227,5142,48,13,21,14,37,23,57,37
256,eager-split,175,5227,3964,175,43,33,99,1088,1104,1180,1088
256,eager-split,176,5227,5165,27,10,0,17,35,18,28,35
256,eager-split,177,5227,5174,27,8,1,18,26,6,15,26
256,eager-split,178,5227,5157,32,13,2,17,38,21,36,38
256,eager-split,179,5227,5169,32,10,1,21,26,4,15,26
256,eager-split,180,5227,5164,31,9,3,19,32,6,18,32
256,eager-split,181,5227,5145,44,17,4,23,38,21,42,38
256,eager-split,182,5227,5171,23,7,1,15,33,12,20,33
256,eager-split,183,5227,5159,32,13,2,17,36,13,28,36
256,eager-split,184,5227,5167,28,10,1,17,32,11,22,32
256,eager-split,185,5227,5167,30,10,5,15,30,5,20,30
256,eager-split,186,5227,5120,34,10,0,24,73,52,62,73
256,eager-split,187,5227,5128,29,10,1,18,70,50,61,70
256,eager-split,188,5227,5132,39,13,2,24,56,28,43,56
256,eager-split,189,5227,5175,22,7,1,14,30,15,23,30
256,eager-split,190,5227,5163,28,10,3,15,36,19,32,36
256,eager-split,191,5227,5146,36,11,6,19,45,28,45,45
256,eager-split,192,5227,4769,89,30,9,50,369,345,384,369
256,eager-split,193,5227,5158,27,8,1,18,42,17,26,42
256,eager-split,194,5227,5077,53,20,2,31,97,74,96,97
256,eager-split,195,5227,5121,38,8,2,28,68,44,54,68
256,eager-split,196,5227,5160,25,7,0,18,42,23,30,42
256,eager-split,197,5227,5160,36,13,3,20,31,13,29,31
256,eager-split,198,5227,5163,27,9,5,13,37,8,22,37
256,eager-split,199,5227,5011,71,17,6,48,145,125,148,145
256,eager-split,200,5227,5179,19,7,1,11,29,8,16,29
256,eager-split,201,5227,5109,38,13,3,22,80,49,65,80
256,eager-split,202,5227,5162,27,7,2,18,38,16,25,38
256,eager-split,203,5227,5143,37,9,4,24,47,22,35,47
256,eager-split,204,5227,5052,35,7,0,28,140,119,126,140
256,eager-split,205,5227,4995,65,19,7,39,167,141,167,167
256,eager-split,206,5227,5142,35,10,0,25,50,30,40,50
256,eager-split,207,5227,5157,34,13,2,19,36,22,37,36
256,eager-split,208,5227,5166,28,7,1,20,33,8,16,33
256,eager-split,209,5227,5174,29,9,3,17,24,7,19,24
256,eager-split,210,5227,5023,85,30,6,49,119,94,130,119
256,eager-split,211,5227,5169,29,11,1,17,29,6,18,29
256,eager-split,212,5227,5116,47,12,6,29,64,37,55,64
256,eager-split,213,5227,5155,25,7,0,18,47,19,26,47
256,eager-split,214,5227,5114,47,13,1,33,66,50,64,66
256,eager-split,215,5227,5165,31,9,2,20,31,15,26,31
256,eager-split,216,5227,5153,31,7,0,24,43,18,25,43
256,eager-split,217,5227,5078,53,13,5,35,96,73,91,96
256,eager-split,218,5227,5138,37,9,7,21,52,29,45,52
256,eager-split,219,5227,5105,38,9,8,21,84,66,83,84
256,eager-split,220,5227,4744,116,27,16,73,367,350,393,367
256,eager-split,221,5227,5149,29,8,1,20,49,29,38,49
256,eager-split,222,5227,5099,38,11,1,26,90,74,86,90
256,eager-split,223,5227,5158,25,9,2,14,44,19,30,44
256,eager-split,224,5227,5097,51,23,3,25,79,52,78,79
256,eager-split,225,5227,5144,36,10,0,26,47,19,29,47
256,eager-split,226,5227,5180,24,8,1,15,23,5,14,23
256,eager-split,227,5227,5172,24,7,0,17,31,2,9,31
256,eager-split,228,5227,5104,40,19,6,15,83,68,93,83
256,eager-split,229,5227,5153,31,10,0,21,43,19,29,43
256,eager-split,230,5227,5155,35,11,4,20,37,17,32,37
256,eager-split,231,5227,5121,32,7,0,25,74,49,56,74
256,eager-split,232,5227,5138,36,13,1,22,53,31,45,53
256,eager-split,233,5227,5152,28,9,2,17,47,37,48,47
256,eager-split,234,5227,5100,49,14,6,29,78,62,82,78
256,eager-split,235,5227,5158,35,10,9,16,34,12,31,34
256,eager-split,236,5227,4893,97,31,13,53,237,218,262,237
256,eager-split,237,5227,5177,26,8,1,17,24,8,17,24
256,eager-split,238,5227,5155,35,13,1,21,37,22,36,37
256,eager-split,239,5227,5170,28,10,1,17,29,7,18,29
256,eager-split,240,5227,5183,24,9,2,13,20,3,14,20
256,eager-split,241,5227,5141,38,17,2,19,48,21,40,48
256,eager-split,242,5227,5162,24,8,2,14,41,13,23,41
256,eager-split,243,5227,5174,21,8,2,11,32,11,21,32
256,eager-split,244,5227,5040,94,36,10,48,93,89,135,93
256,eager-split,245,5227,5158,30,8,1,21,39,10,19,39
256,eager-split,246,5227,5177,25,7,0,18,25,6,13,25
256,eager-split,247,5227,5123,36,10,0,26,68,46,56,68
256,eager-split,248,5227,5145,40,11,2,27,42,17,30,42
256,eager-split,249,5227,5170,26,9,2,15,31,7,18,31
256,eager-split,250,5227,5178,27,7,0,20,22,4,11,22
256,eager-split,251,5227,5117,33,7,0,26,77,50,57,77
256,eager-split,252,5227,5147,34,10,0,24,46,29,39,46
256,eager-split,253,5227,5130,31,10,1,20,66,35,46,66
256,eager-split,254,5227,5163,31,10,1,20,33,15,26,33
256,eager-split,255,5227,5163,34,10,5,19,30,11,26,30
256,eager-split,256,5227,5052,51,10,10,31,124,98,118,124
