seed,size,pos,left,right,onlyLeft,onlyRight,equal,notEqual
5382,16,3,80,76,4,0,60,16
1826,16,4,80,76,4,0,70,6
25462,16,8,80,76,4,0,67,9
3546,16,6,80,76,4,0,68,8
19663,16,10,80,76,4,0,62,14
10857,16,9,80,76,4,0,67,9
19639,16,4,80,76,4,0,70,6
10962,16,14,80,76,4,0,70,6
23127,16,2,80,76,4,0,70,6
21882,16,16,80,76,4,0,62,14
254,16,13,80,76,4,0,70,6
24042,16,16,80,76,4,0,62,14
13166,16,6,80,76,4,0,68,8
3922,16,9,80,76,4,0,67,9
17838,16,11,80,76,4,0,67,9
474,16,5,80,76,4,0,66,10
22086,16,15,80,76,4,0,66,10
4690,16,7,80,76,4,0,67,9
18823,16,15,80,76,4,0,66,10
9210,16,15,80,76,4,0,66,10
4127,16,2,80,76,4,0,70,6
14002,16,4,80,76,4,0,70,6
19431,16,15,80,76,4,0,66,10
3338,16,7,80,76,4,0,67,9
19527,16,2,80,76,4,0,70,6
3802,16,7,80,76,4,0,67,9
13983,16,4,80,76,4,0,70,6
9169,16,5,80,76,4,0,66,10
7263,16,2,80,76,4,0,70,6
9634,16,2,80,76,4,0,70,6
10431,16,10,80,76,4,0,62,14
20193,16,10,80,76,4,0,62,14
12159,16,7,80,76,4,0,67,9
10786,16,5,80,76,4,0,66,10
21183,16,7,80,76,4,0,67,9
13826,16,15,80,76,4,0,66,10
23270,16,7,80,76,4,0,67,9
5451,16,15,80,76,4,0,66,10
1102,16,8,80,76,4,0,67,9
22242,16,5,80,76,4,0,66,10
24279,16,8,80,76,4,0,67,9
2802,16,4,80,76,4,0,70,6
26951,16,4,80,76,4,0,70,6
21922,16,5,80,76,4,0,66,10
25342,16,3,80,76,4,0,60,16
4915,16,9,80,76,4,0,67,9
12437,16,15,80,76,4,0,66,10
516,16,16,80,76,4,0,62,14
1965,16,7,80,76,4,0,67,9
14843,16,16,80,76,4,0,62,14
9054,16,15,80,76,4,0,66,10
21978,16,10,80,76,4,0,62,14
23855,16,2,80,76,4,0,70,6
18553,16,12,80,76,4,0,58,18
6328,16,2,80,76,4,0,70,6
26512,16,4,80,76,4,0,70,6
24777,16,12,80,76,4,0,58,18
23992,16,13,80,76,4,0,70,6
5952,16,2,80,76,4,0,70,6
14568,16,15,80,76,4,0,66,10
10160,16,11,80,76,4,0,67,9
17801,16,2,80,76,4,0,70,6
22519,16,2,80,76,4,0,70,6
20993,16,3,80,76,4,0,60,16
19280,16,6,80,76,4,0,68,8
3017,16,13,80,76,4,0,70,6
21888,16,9,80,76,4,0,67,9
19153,16,4,80,76,4,0,70,6
23615,16,13,80,76,4,0,70,6
8994,16,4,80,76,4,0,70,6
5367,16,9,80,76,4,0,67,9
545,16,16,80,76,4,0,62,14
25519,16,10,80,76,4,0,62,14
5609,16,10,80,76,4,0,62,14
2136,16,3,80,76,4,0,60,16
16865,16,11,80,76,4,0,67,9
25408,16,3,80,76,4,0,60,16
20825,16,7,80,76,4,0,67,9
1911,16,2,80,76,4,0,70,6
2674,16,15,80,76,4,0,66,10
25342,16,6,80,76,4,0,68,8
2195,16,3,80,76,4,0,60,16
5278,16,4,80,76,4,0,70,6
9987,16,8,80,76,4,0,67,9
8478,16,2,80,76,4,0,70,6
25819,16,7,80,76,4,0,67,9
9885,16,16,80,76,4,0,62,14
26371,16,3,80,76,4,0,60,16
965,16,2,80,76,4,0,70,6
23420,16,15,80,76,4,0,66,10
6141,16,10,80,76,4,0,62,14
9100,16,8,80,76,4,0,67,9
677,16,5,80,76,4,0,66,10
5507,16,2,80,76,4,0,70,6
25038,16,7,80,76,4,0,67,9
23058,16,12,80,76,4,0,58,18
18623,16,4,80,76,4,0,70,6
3745,16,6,80,76,4,0,68,8
25288,16,11,80,76,4,0,67,9
10417,16,9,80,76,4,0,67,9
4792,16,14,80,76,4,0,70,6
24609,16,8,80,76,4,0,67,9
18296,16,9,80,76,4,0,67,9
6160,16,9,80,76,4,0,67,9
11152,16,16,80,76,4,0,62,14
761,16,8,80,76,4,0,67,9
20696,16,3,80,76,4,0,60,16
14305,16,13,80,76,4,0,70,6
8879,16,5,80,76,4,0,66,10
15289,16,10,80,76,4,0,62,14
21136,16,10,80,76,4,0,62,14
19808,16,12,80,76,4,0,58,18
5536,16,14,80,76,4,0,70,6
9297,16,14,80,76,4,0,70,6
20072,16,5,80,76,4,0,66,10
1080,16,6,80,76,4,0,68,8
12921,16,2,80,76,4,0,70,6
14119,16,13,80,76,4,0,70,6
3241,16,5,80,76,4,0,66,10
9800,16,14,80,76,4,0,70,6
2968,16,8,80,76,4,0,67,9
23168,16,6,80,76,4,0,68,8
18393,16,6,80,76,4,0,68,8
9960,16,5,80,76,4,0,66,10
5880,16,2,80,76,4,0,70,6
6824,16,8,80,76,4,0,67,9
13552,16,12,80,76,4,0,58,18
18008,16,12,80,76,4,0,58,18
13065,16,10,80,76,4,0,62,14
6207,16,10,80,76,4,0,62,14
2057,16,10,80,76,4,0,62,14
6264,16,5,80,76,4,0,66,10
2665,16,13,80,76,4,0,70,6
6368,16,10,80,76,4,0,62,14
11864,16,16,80,76,4,0,62,14
2696,16,14,80,76,4,0,70,6
20344,16,11,80,76,4,0,67,9
23384,16,9,80,76,4,0,67,9
10689,16,4,80,76,4,0,70,6
8823,16,9,80,76,4,0,67,9
18177,16,7,80,76,4,0,67,9
24855,16,10,80,76,4,0,62,14
3193,16,7,80,76,4,0,67,9
21519,16,5,80,76,4,0,66,10
22074,16,6,80,76,4,0,68,8
4887,16,5,80,76,4,0,66,10
22138,16,15,80,76,4,0,66,10
23871,16,15,80,76,4,0,66,10
14345,16,14,80,76,4,0,70,6
24304,16,5,80,76,4,0,66,10
27177,16,3,80,76,4,0,60,16
13151,16,12,80,76,4,0,58,18
13522,16,4,80,76,4,0,70,6
8431,16,15,80,76,4,0,66,10
777,16,14,80,76,4,0,70,6
10983,16,9,80,76,4,0,67,9
13857,16,9,80,76,4,0,67,9
9303,16,6,80,76,4,0,68,8
24729,16,5,80,76,4,0,66,10
20239,16,8,80,76,4,0,67,9
9273,16,13,80,76,4,0,70,6
11336,16,13,80,76,4,0,70,6
7393,16,12,80,76,4,0,58,18
23551,16,10,80,76,4,0,62,14
25162,16,7,80,76,4,0,67,9
25439,16,10,80,76,4,0,62,14
7554,16,2,80,76,4,0,70,6
10382,16,2,80,76,4,0,70,6
8546,16,6,80,76,4,0,68,8
4478,16,13,80,76,4,0,70,6
23266,16,15,80,76,4,0,66,10
27150,16,14,80,76,4,0,70,6
17114,16,14,80,76,4,0,70,6
22766,16,15,80,76,4,0,66,10
27234,16,8,80,76,4,0,67,9
2991,16,3,80,76,4,0,60,16
18865,16,9,80,76,4,0,67,9
23775,16,16,80,76,4,0,62,14
13713,16,16,80,76,4,0,62,14
2543,16,5,80,76,4,0,66,10
15482,16,4,80,76,4,0,70,6
558,16,8,80,76,4,0,67,9
22570,16,13,80,76,4,0,70,6
671,16,14,80,76,4,0,70,6
14442,16,6,80,76,4,0,68,8
63,16,15,80,76,4,0,66,10
2978,16,10,80,76,4,0,62,14
8102,16,6,80,76,4,0,68,8
3875,16,2,80,76,4,0,70,6
4382,16,11,80,76,4,0,67,9
9722,16,11,80,76,4,0,67,9
4654,16,15,80,76,4,0,66,10
17114,16,5,80,76,4,0,66,10
17407,16,5,80,76,4,0,66,10
13362,16,15,80,76,4,0,66,10
5055,16,15,80,76,4,0,66,10
2930,16,2,80,76,4,0,70,6
24167,16,5,80,76,4,0,66,10
14129,16,7,80,76,4,0,67,9
14160,16,4,80,76,4,0,70,6
5382,32,19,160,156,4,0,148,8
1826,32,15,160,156,4,0,146,10
25462,32,9,160,156,4,0,147,9
3546,32,6,160,156,4,0,148,8
19663,32,7,160,156,4,0,147,9
10857,32,22,160,156,4,0,145,11
19639,32,18,160,156,4,0,148,8
10962,32,20,160,156,4,0,150,6
23127,32,13,160,156,4,0,150,6
21882,32,26,160,156,4,0,148,8
254,32,14,160,156,4,0,150,6
24042,32,2,160,156,4,0,150,6
13166,32,7,160,156,4,0,147,9
3922,32,11,160,156,4,0,147,9
17838,32,13,160,156,4,0,150,6
474,32,26,160,156,4,0,148,8
22086,32,16,160,156,4,0,150,6
4690,32,26,160,156,4,0,148,8
18823,32,23,160,156,4,0,148,8
9210,32,12,160,156,4,0,138,18
4127,32,6,160,156,4,0,148,8
14002,32,17,160,156,4,0,133,23
19431,32,22,160,156,4,0,145,11
3338,32,15,160,156,4,0,146,10
19527,32,16,160,156,4,0,150,6
3802,32,27,160,156,4,0,148,8
13983,32,26,160,156,4,0,148,8
9169,32,8,160,156,4,0,147,9
7263,32,7,160,156,4,0,147,9
9634,32,10,160,156,4,0,142,14
10431,32,5,160,156,4,0,146,10
20193,32,24,160,156,4,0,143,13
12159,32,10,160,156,4,0,142,14
10786,32,32,160,156,4,0,143,13
21183,32,30,160,156,4,0,150,6
13826,32,9,160,156,4,0,147,9
23270,32,11,160,156,4,0,147,9
5451,32,32,160,156,4,0,143,13
1102,32,17,160,156,4,0,133,23
22242,32,3,160,156,4,0,138,18
24279,32,6,160,156,4,0,148,8
2802,32,25,160,156,4,0,143,13
26951,32,18,160,156,4,0,148,8
21922,32,24,160,156,4,0,143,13
25342,32,10,160,156,4,0,142,14
4915,32,19,160,156,4,0,148,8
12437,32,3,160,156,4,0,138,18
516,32,11,160,156,4,0,147,9
1965,32,2,160,156,4,0,150,6
14843,32,25,160,156,4,0,143,13
9054,32,15,160,156,4,0,146,10
21978,32,3,160,156,4,0,138,18
23855,32,18,160,156,4,0,148,8
18553,32,19,160,156,4,0,148,8
6328,32,18,160,156,4,0,148,8
26512,32,16,160,156,4,0,150,6
24777,32,18,160,156,4,0,148,8
23992,32,11,160,156,4,0,147,9
5952,32,2,160,156,4,0,150,6
14568,32,10,160,156,4,0,142,14
10160,32,31,160,156,4,0,146,10
17801,32,12,160,156,4,0,138,18
22519,32,22,160,156,4,0,145,11
20993,32,16,160,156,4,0,150,6
19280,32,28,160,156,4,0,139,17
3017,32,5,160,156,4,0,146,10
21888,32,4,160,156,4,0,150,6
19153,32,32,160,156,4,0,143,13
23615,32,15,160,156,4,0,146,10
8994,32,8,160,156,4,0,147,9
5367,32,14,160,156,4,0,150,6
545,32,13,160,156,4,0,150,6
25519,32,25,160,156,4,0,143,13
5609,32,32,160,156,4,0,143,13
2136,32,14,160,156,4,0,150,6
16865,32,15,160,156,4,0,146,10
25408,32,29,160,156,4,0,150,6
20825,32,2,160,156,4,0,150,6
1911,32,29,160,156,4,0,150,6
2674,32,9,160,156,4,0,147,9
25342,32,14,160,156,4,0,150,6
2195,32,4,160,156,4,0,150,6
5278,32,26,160,156,4,0,148,8
9987,32,29,160,156,4,0,150,6
8478,32,21,160,156,4,0,150,6
25819,32,8,160,156,4,0,147,9
9885,32,22,160,156,4,0,145,11
26371,32,5,160,156,4,0,146,10
965,32,6,160,156,4,0,148,8
23420,32,6,160,156,4,0,148,8
6141,32,24,160,156,4,0,143,13
9100,32,23,160,156,4,0,148,8
677,32,15,160,156,4,0,146,10
5507,32,7,160,156,4,0,147,9
25038,32,17,160,156,4,0,133,23
23058,32,11,160,156,4,0,147,9
18623,32,4,160,156,4,0,150,6
3745,32,20,160,156,4,0,150,6
25288,32,6,160,156,4,0,148,8
10417,32,6,160,156,4,0,148,8
4792,32,13,160,156,4,0,150,6
24609,32,16,160,156,4,0,150,6
18296,32,16,160,156,4,0,150,6
6160,32,20,160,156,4,0,150,6
11152,32,10,160,156,4,0,142,14
761,32,20,160,156,4,0,150,6
20696,32,32,160,156,4,0,143,13
14305,32,29,160,156,4,0,150,6
8879,32,6,160,156,4,0,148,8
15289,32,10,160,156,4,0,142,14
21136,32,27,160,156,4,0,148,8
19808,32,10,160,156,4,0,142,14
5536,32,14,160,156,4,0,150,6
9297,32,19,160,156,4,0,148,8
20072,32,22,160,156,4,0,145,11
1080,32,28,160,156,4,0,139,17
12921,32,13,160,156,4,0,150,6
14119,32,7,160,156,4,0,147,9
3241,32,3,160,156,4,0,138,18
9800,32,10,160,156,4,0,142,14
2968,32,19,160,156,4,0,148,8
23168,32,15,160,156,4,0,146,10
18393,32,18,160,156,4,0,148,8
9960,32,22,160,156,4,0,145,11
5880,32,4,160,156,4,0,150,6
6824,32,5,160,156,4,0,146,10
13552,32,11,160,156,4,0,147,9
18008,32,9,160,156,4,0,147,9
13065,32,3,160,156,4,0,138,18
6207,32,9,160,156,4,0,147,9
2057,32,19,160,156,4,0,148,8
6264,32,9,160,156,4,0,147,9
2665,32,22,160,156,4,0,145,11
6368,32,5,160,156,4,0,146,10
11864,32,3,160,156,4,0,138,18
2696,32,32,160,156,4,0,143,13
20344,32,27,160,156,4,0,148,8
23384,32,26,160,156,4,0,148,8
10689,32,23,160,156,4,0,148,8
8823,32,29,160,156,4,0,150,6
18177,32,24,160,156,4,0,143,13
24855,32,14,160,156,4,0,150,6
3193,32,15,160,156,4,0,146,10
21519,32,31,160,156,4,0,146,10
22074,32,30,160,156,4,0,150,6
4887,32,28,160,156,4,0,139,17
22138,32,25,160,156,4,0,143,13
23871,32,8,160,156,4,0,147,9
14345,32,10,160,156,4,0,142,14
24304,32,14,160,156,4,0,150,6
27177,32,4,160,156,4,0,150,6
13151,32,24,160,156,4,0,143,13
13522,32,16,160,156,4,0,150,6
8431,32,12,160,156,4,0,138,18
777,32,25,160,156,4,0,143,13
10983,32,22,160,156,4,0,145,11
13857,32,4,160,156,4,0,150,6
9303,32,9,160,156,4,0,147,9
24729,32,7,160,156,4,0,147,9
20239,32,18,160,156,4,0,148,8
9273,32,32,160,156,4,0,143,13
11336,32,20,160,156,4,0,150,6
7393,32,8,160,156,4,0,147,9
23551,32,12,160,156,4,0,138,18
25162,32,15,160,156,4,0,146,10
25439,32,25,160,156,4,0,143,13
7554,32,30,160,156,4,0,150,6
10382,32,31,160,156,4,0,146,10
8546,32,14,160,156,4,0,150,6
4478,32,23,160,156,4,0,148,8
23266,32,23,160,156,4,0,148,8
27150,32,19,160,156,4,0,148,8
17114,32,2,160,156,4,0,150,6
22766,32,28,160,156,4,0,139,17
27234,32,21,160,156,4,0,150,6
2991,32,6,160,156,4,0,148,8
18865,32,32,160,156,4,0,143,13
23775,32,21,160,156,4,0,150,6
13713,32,8,160,156,4,0,147,9
2543,32,17,160,156,4,0,133,23
15482,32,8,160,156,4,0,147,9
558,32,27,160,156,4,0,148,8
22570,32,11,160,156,4,0,147,9
671,32,15,160,156,4,0,146,10
14442,32,27,160,156,4,0,148,8
63,32,9,160,156,4,0,147,9
2978,32,18,160,156,4,0,148,8
8102,32,7,160,156,4,0,147,9
3875,32,31,160,156,4,0,146,10
4382,32,19,160,156,4,0,148,8
9722,32,10,160,156,4,0,142,14
4654,32,4,160,156,4,0,150,6
17114,32,15,160,156,4,0,146,10
17407,32,29,160,156,4,0,150,6
13362,32,19,160,156,4,0,148,8
5055,32,20,160,156,4,0,150,6
2930,32,30,160,156,4,0,150,6
24167,32,9,160,156,4,0,147,9
14129,32,15,160,156,4,0,146,10
14160,32,31,160,156,4,0,146,10
5382,64,31,320,316,4,0,306,10
8676,64,60,320,316,4,0,307,9
18612,64,59,320,316,4,0,308,8
3546,64,51,320,316,4,0,305,11
12813,64,19,320,316,4,0,308,8
10857,64,21,320,316,4,0,310,6
5939,64,63,320,316,4,0,303,13
10962,64,37,320,316,4,0,305,11
2577,64,37,320,316,4,0,305,11
8182,64,53,320,316,4,0,308,8
13954,64,55,320,316,4,0,310,6
10342,64,62,320,316,4,0,310,6
13166,64,47,320,316,4,0,294,22
17622,64,12,320,316,4,0,298,18
17838,64,55,320,316,4,0,310,6
7324,64,17,320,316,4,0,297,19
15236,64,47,320,316,4,0,294,22
18390,64,30,320,316,4,0,310,6
5123,64,29,320,316,4,0,310,6
9210,64,3,320,316,4,0,296,20
10977,64,4,320,316,4,0,310,6
302,64,37,320,316,4,0,305,11
19431,64,34,320,316,4,0,308,8
3338,64,21,320,316,4,0,310,6
12677,64,48,320,316,4,0,308,8
17502,64,16,320,316,4,0,310,6
13983,64,45,320,316,4,0,308,8
2319,64,3,320,316,4,0,296,20
14113,64,26,320,316,4,0,308,8
2784,64,63,320,316,4,0,303,13
10431,64,2,320,316,4,0,310,6
13343,64,4,320,316,4,0,310,6
5309,64,40,320,316,4,0,308,8
17636,64,63,320,316,4,0,303,13
633,64,9,320,316,4,0,307,9
6976,64,16,320,316,4,0,310,6
9570,64,36,320,316,4,0,310,6
19151,64,63,320,316,4,0,303,13
1102,64,25,320,316,4,0,301,15
8542,64,18,320,316,4,0,308,8
3729,64,46,320,316,4,0,308,8
9652,64,47,320,316,4,0,294,22
6401,64,12,320,316,4,0,298,18
15072,64,58,320,316,4,0,303,13
4792,64,20,320,316,4,0,310,6
18615,64,6,320,316,4,0,308,8
19287,64,57,320,316,4,0,306,10
7366,64,34,320,316,4,0,308,8
15665,64,30,320,316,4,0,310,6
1143,64,57,320,316,4,0,306,10
2204,64,29,320,316,4,0,310,6
1428,64,39,320,316,4,0,284,32
3305,64,32,320,316,4,0,310,6
4853,64,15,320,316,4,0,306,10
6328,64,28,320,316,4,0,299,17
5962,64,27,320,316,4,0,308,8
11077,64,14,320,316,4,0,310,6
3442,64,42,320,316,4,0,306,10
12802,64,3,320,316,4,0,296,20
14568,64,25,320,316,4,0,301,15
10160,64,3,320,316,4,0,296,20
4101,64,63,320,316,4,0,303,13
8819,64,12,320,316,4,0,298,18
443,64,43,320,316,4,0,296,20
19280,64,49,320,316,4,0,308,8
9867,64,26,320,316,4,0,308,8
15038,64,40,320,316,4,0,308,8
19153,64,62,320,316,4,0,310,6
16765,64,3,320,316,4,0,296,20
2144,64,3,320,316,4,0,296,20
19067,64,24,320,316,4,0,303,13
14245,64,62,320,316,4,0,310,6
18669,64,8,320,316,4,0,307,9
12459,64,16,320,316,4,0,310,6
2136,64,34,320,316,4,0,308,8
16865,64,19,320,316,4,0,308,8
4858,64,4,320,316,4,0,310,6
13975,64,38,320,316,4,0,291,25
15611,64,19,320,316,4,0,308,8
9524,64,21,320,316,4,0,310,6
18492,64,10,320,316,4,0,302,14
2195,64,7,320,316,4,0,307,9
18978,64,54,320,316,4,0,308,8
3137,64,31,320,316,4,0,306,10
1628,64,43,320,316,4,0,296,20
12119,64,37,320,316,4,0,305,11
3035,64,56,320,316,4,0,306,10
19521,64,15,320,316,4,0,306,10
14665,64,41,320,316,4,0,307,9
2870,64,40,320,316,4,0,308,8
12991,64,44,320,316,4,0,310,6
9100,64,24,320,316,4,0,303,13
7527,64,2,320,316,4,0,310,6
12357,64,44,320,316,4,0,310,6
18188,64,19,320,316,4,0,308,8
16208,64,56,320,316,4,0,306,10
4923,64,10,320,316,4,0,302,14
3745,64,4,320,316,4,0,310,6
4738,64,44,320,316,4,0,310,6
3567,64,42,320,316,4,0,306,10
18492,64,24,320,316,4,0,303,13
17759,64,16,320,316,4,0,310,6
4596,64,44,320,316,4,0,310,6
13010,64,40,320,316,4,0,308,8
18002,64,30,320,316,4,0,310,6
7611,64,45,320,316,4,0,308,8
6996,64,51,320,316,4,0,305,11
7455,64,44,320,316,4,0,310,6
2029,64,29,320,316,4,0,310,6
1589,64,61,320,316,4,0,305,11
586,64,26,320,316,4,0,308,8
12958,64,26,320,316,4,0,308,8
5536,64,8,320,316,4,0,307,9
2447,64,26,320,316,4,0,308,8
6372,64,9,320,316,4,0,307,9
7930,64,51,320,316,4,0,305,11
6071,64,33,320,316,4,0,298,18
14119,64,45,320,316,4,0,308,8
10091,64,50,320,316,4,0,308,8
16650,64,29,320,316,4,0,310,6
9818,64,41,320,316,4,0,307,9
9468,64,27,320,316,4,0,308,8
4693,64,2,320,316,4,0,310,6
3110,64,59,320,316,4,0,308,8
19580,64,45,320,316,4,0,308,8
13674,64,12,320,316,4,0,298,18
20402,64,50,320,316,4,0,308,8
11158,64,46,320,316,4,0,308,8
13065,64,24,320,316,4,0,303,13
19907,64,36,320,316,4,0,310,6
2057,64,8,320,316,4,0,307,9
6264,64,59,320,316,4,0,308,8
16365,64,26,320,316,4,0,308,8
20068,64,6,320,316,4,0,308,8
5014,64,27,320,316,4,0,308,8
16396,64,53,320,316,4,0,308,8
20344,64,37,320,316,4,0,305,11
16534,64,51,320,316,4,0,305,11
10689,64,48,320,316,4,0,308,8
15673,64,6,320,316,4,0,308,8
4477,64,17,320,316,4,0,297,19
11155,64,62,320,316,4,0,310,6
10043,64,37,320,316,4,0,305,11
969,64,35,320,316,4,0,308,8
8374,64,27,320,316,4,0,308,8
4887,64,30,320,316,4,0,310,6
15288,64,12,320,316,4,0,298,18
17021,64,49,320,316,4,0,308,8
645,64,24,320,316,4,0,303,13
10604,64,51,320,316,4,0,305,11
5382,100,13,500,496,4,0,490,6
8676,100,6,500,496,4,0,488,8
18612,100,95,500,496,4,0,486,10
3546,100,51,500,496,4,0,485,11
12813,100,10,500,496,4,0,482,14
10857,100,84,500,496,4,0,490,6
5939,100,63,500,496,4,0,483,13
10962,100,82,500,496,4,0,490,6
2577,100,91,500,496,4,0,488,8
8182,100,35,500,496,4,0,488,8
13954,100,91,500,496,4,0,488,8
10342,100,35,500,496,4,0,488,8
13166,100,11,500,496,4,0,487,9
17622,100,12,500,496,4,0,478,18
17838,100,55,500,496,4,0,490,6
7324,100,35,500,496,4,0,488,8
15236,100,38,500,496,4,0,471,25
18390,100,48,500,496,4,0,488,8
5123,100,47,500,496,4,0,476,20
9210,100,75,500,496,4,0,487,9
10977,100,76,500,496,4,0,479,17
302,100,19,500,496,4,0,488,8
19431,100,43,500,496,4,0,474,22
3338,100,12,500,496,4,0,478,18
12677,100,48,500,496,4,0,488,8
17502,100,52,500,496,4,0,484,12
13983,100,72,500,496,4,0,490,6
2319,100,21,500,496,4,0,490,6
14113,100,53,500,496,4,0,488,8
2784,100,36,500,496,4,0,490,6
10431,100,20,500,496,4,0,490,6
13343,100,22,500,496,4,0,485,11
5309,100,22,500,496,4,0,485,11
17636,100,63,500,496,4,0,483,13
633,100,99,500,496,4,0,490,6
6976,100,43,500,496,4,0,474,22
9570,100,9,500,496,4,0,487,9
19151,100,54,500,496,4,0,488,8
1102,100,61,500,496,4,0,485,11
8542,100,27,500,496,4,0,488,8
3729,100,82,500,496,4,0,490,6
9652,100,92,500,496,4,0,482,14
6401,100,3,500,496,4,0,470,26
15072,100,94,500,496,4,0,477,19
4792,100,74,500,496,4,0,490,6
18615,100,24,500,496,4,0,483,13
19287,100,48,500,496,4,0,488,8
7366,100,16,500,496,4,0,490,6
15665,100,75,500,496,4,0,487,9
1143,100,39,500,496,4,0,469,27
2204,100,65,500,496,4,0,490,6
1428,100,21,500,496,4,0,490,6
3305,100,5,500,496,4,0,486,10
4853,100,69,500,496,4,0,490,6
6328,100,100,500,496,4,0,488,8
5962,100,81,500,496,4,0,466,30
11077,100,68,500,496,4,0,474,22
3442,100,78,500,496,4,0,485,11
12802,100,12,500,496,4,0,478,18
14568,100,43,500,496,4,0,474,22
10160,100,48,500,496,4,0,488,8
4101,100,90,500,496,4,0,488,8
8819,100,21,500,496,4,0,490,6
443,100,16,500,496,4,0,490,6
19280,100,49,500,496,4,0,488,8
9867,100,62,500,496,4,0,490,6
15038,100,22,500,496,4,0,485,11
19153,100,89,500,496,4,0,486,10
16765,100,39,500,496,4,0,469,27
2144,100,21,500,496,4,0,490,6
19067,100,51,500,496,4,0,485,11
14245,100,35,500,496,4,0,488,8
18669,100,8,500,496,4,0,487,9
12459,100,43,500,496,4,0,474,22
2136,100,52,500,496,4,0,484,12
16865,100,64,500,496,4,0,471,25
4858,100,22,500,496,4,0,485,11
13975,100,47,500,496,4,0,476,20
15611,100,10,500,496,4,0,482,14
9524,100,21,500,496,4,0,490,6
18492,100,28,500,496,4,0,479,17
2195,100,88,500,496,4,0,488,8
18978,100,81,500,496,4,0,466,30
3137,100,31,500,496,4,0,486,10
1628,100,97,500,496,4,0,487,9
12119,100,82,500,496,4,0,490,6
3035,100,65,500,496,4,0,490,6
19521,100,15,500,496,4,0,486,10
14665,100,59,500,496,4,0,488,8
2870,100,49,500,496,4,0,488,8
12991,100,89,500,496,4,0,486,10
9100,100,60,500,496,4,0,487,9
7527,100,47,500,496,4,0,476,20
12357,100,8,500,496,4,0,487,9
18188,100,10,500,496,4,0,482,14
16208,100,20,500,496,4,0,490,6
4923,100,82,500,496,4,0,490,6
3745,100,85,500,496,4,0,484,12
4738,100,35,500,496,4,0,488,8
3567,100,87,500,496,4,0,488,8
18492,100,69,500,496,4,0,490,6
17759,100,97,500,496,4,0,487,9
4596,100,62,500,496,4,0,490,6
13010,100,31,500,496,4,0,486,10
18002,100,84,500,496,4,0,490,6
7611,100,99,500,496,4,0,490,6
6996,100,60,500,496,4,0,487,9
7455,100,53,500,496,4,0,488,8
2029,100,29,500,496,4,0,490,6
1589,100,7,500,496,4,0,487,9
586,100,80,500,496,4,0,475,21
12958,100,17,500,496,4,0,477,19
5536,100,98,500,496,4,0,478,18
2447,100,98,500,496,4,0,478,18
6372,100,36,500,496,4,0,490,6
7930,100,6,500,496,4,0,488,8
6071,100,60,500,496,4,0,487,9
14119,100,72,500,496,4,0,490,6
10091,100,68,500,496,4,0,474,22
16650,100,83,500,496,4,0,484,12
9818,100,14,500,496,4,0,490,6
9468,100,27,500,496,4,0,488,8
4693,100,20,500,496,4,0,490,6
3110,100,95,500,496,4,0,486,10
19580,100,72,500,496,4,0,490,6
13674,100,3,500,496,4,0,470,26
20402,100,41,500,496,4,0,487,9
11158,100,55,500,496,4,0,490,6
13065,100,96,500,496,4,0,490,6
19907,100,72,500,496,4,0,490,6
2057,100,8,500,496,4,0,487,9
6264,100,86,500,496,4,0,465,31
16365,100,98,500,496,4,0,478,18
20068,100,24,500,496,4,0,483,13
5014,100,27,500,496,4,0,488,8
16396,100,98,500,496,4,0,478,18
20344,100,10,500,496,4,0,482,14
16534,100,96,500,496,4,0,490,6
10689,100,93,500,496,4,0,485,11
15673,100,60,500,496,4,0,487,9
4477,100,26,500,496,4,0,488,8
11155,100,80,500,496,4,0,475,21
10043,100,19,500,496,4,0,488,8
969,100,71,500,496,4,0,490,6
8374,100,45,500,496,4,0,488,8
4887,100,30,500,496,4,0,490,6
15288,100,30,500,496,4,0,490,6
17021,100,4,500,496,4,0,490,6
645,100,33,500,496,4,0,478,18
10604,100,6,500,496,4,0,488,8
5382,250,57,1250,1246,4,0,1236,10
1826,250,76,1250,1246,4,0,1229,17
11762,250,29,1250,1246,4,0,1240,6
3546,250,9,1250,1246,4,0,1237,9
5963,250,152,1250,1246,4,0,1238,8
10857,250,84,1250,1246,4,0,1240,6
5939,250,221,1250,1246,4,0,1240,6
10962,250,201,1250,1246,4,0,1234,12
9427,250,92,1250,1246,4,0,1232,14
8182,250,182,1250,1246,4,0,1240,6
254,250,133,1250,1246,4,0,1225,21
10342,250,223,1250,1246,4,0,1238,8
13166,250,129,1250,1246,4,0,1240,6
3922,250,3,1250,1246,4,0,1218,28
4138,250,86,1250,1246,4,0,1219,27
474,250,8,1250,1246,4,0,1237,9
8386,250,91,1250,1246,4,0,1238,8
4690,250,188,1250,1246,4,0,1235,11
5123,250,126,1250,1246,4,0,1227,19
9210,250,72,1250,1246,4,0,1240,6
4127,250,3,1250,1246,4,0,1218,28
302,250,164,1250,1246,4,0,1224,22
5731,250,73,1250,1246,4,0,1232,14
3338,250,53,1250,1246,4,0,1238,8
5827,250,152,1250,1246,4,0,1238,8
3802,250,226,1250,1246,4,0,1238,8
283,250,244,1250,1246,4,0,1220,26
9169,250,182,1250,1246,4,0,1240,6
7263,250,89,1250,1246,4,0,1236,10
9634,250,245,1250,1246,4,0,1240,6
10431,250,94,1250,1246,4,0,1229,17
6493,250,190,1250,1246,4,0,1236,10
12159,250,235,1250,1246,4,0,1229,17
10786,250,176,1250,1246,4,0,1238,8
7483,250,116,1250,1246,4,0,1238,8
126,250,147,1250,1246,4,0,1235,11
9570,250,209,1250,1246,4,0,1235,11
5451,250,156,1250,1246,4,0,1234,12
1102,250,141,1250,1246,4,0,1236,10
8542,250,236,1250,1246,4,0,1211,35
10579,250,89,1250,1246,4,0,1236,10
2802,250,190,1250,1246,4,0,1236,10
13251,250,4,1250,1246,4,0,1240,6
8222,250,134,1250,1246,4,0,1213,33
11642,250,181,1250,1246,4,0,1230,16
4915,250,145,1250,1246,4,0,1240,6
12437,250,244,1250,1246,4,0,1220,26
516,250,250,1250,1246,4,0,1232,14
1965,250,25,1250,1246,4,0,1231,15
1143,250,116,1250,1246,4,0,1238,8
9054,250,133,1250,1246,4,0,1225,21
8278,250,173,1250,1246,4,0,1240,6
10155,250,174,1250,1246,4,0,1213,33
4853,250,18,1250,1246,4,0,1238,8
6328,250,8,1250,1246,4,0,1237,9
12812,250,110,1250,1246,4,0,1240,6
11077,250,217,1250,1246,4,0,1231,15
10292,250,193,1250,1246,4,0,1240,6
5952,250,237,1250,1246,4,0,1240,6
868,250,150,1250,1246,4,0,1240,6
10160,250,165,1250,1246,4,0,1240,6
4101,250,135,1250,1246,4,0,1240,6
8819,250,218,1250,1246,4,0,1232,14
7293,250,16,1250,1246,4,0,1240,6
5580,250,99,1250,1246,4,0,1240,6
3017,250,22,1250,1246,4,0,1235,11
8188,250,61,1250,1246,4,0,1235,11
5453,250,17,1250,1246,4,0,1227,19
9915,250,173,1250,1246,4,0,1240,6
8994,250,20,1250,1246,4,0,1240,6
5367,250,195,1250,1246,4,0,1240,6
545,250,143,1250,1246,4,0,1228,18
11819,250,79,1250,1246,4,0,1240,6
5609,250,248,1250,1246,4,0,1237,9
2136,250,225,1250,1246,4,0,1238,8
3165,250,242,1250,1246,4,0,1240,6
11708,250,237,1250,1246,4,0,1240,6
7125,250,124,1250,1246,4,0,1224,22
1911,250,206,1250,1246,4,0,1238,8
2674,250,66,1250,1246,4,0,1232,14
11642,250,154,1250,1246,4,0,1233,13
2195,250,141,1250,1246,4,0,1236,10
5278,250,145,1250,1246,4,0,1240,6
9987,250,144,1250,1246,4,0,1240,6
8478,250,185,1250,1246,4,0,1233,13
12119,250,46,1250,1246,4,0,1238,8
9885,250,203,1250,1246,4,0,1234,12
12671,250,147,1250,1246,4,0,1235,11
965,250,248,1250,1246,4,0,1237,9
9720,250,187,1250,1246,4,0,1237,9
6141,250,25,1250,1246,4,0,1231,15
9100,250,74,1250,1246,4,0,1240,6
677,250,206,1250,1246,4,0,1238,8
5507,250,86,1250,1246,4,0,1219,27
11338,250,25,1250,1246,4,0,1231,15
9358,250,225,1250,1246,4,0,1238,8
4923,250,23,1250,1246,4,0,1238,8
3745,250,157,1250,1246,4,0,1238,8
11588,250,116,1250,1246,4,0,1238,8
10417,250,4,1250,1246,4,0,1240,6
5382,500,54,2500,2496,4,0,2488,8
4566,500,314,2500,2496,4,0,2488,8
6282,500,273,2500,2496,4,0,2474,22
3546,500,494,2500,2496,4,0,2465,31
483,500,400,2500,2496,4,0,2488,8
2637,500,84,2500,2496,4,0,2490,6
5939,500,456,2500,2496,4,0,2482,14
2742,500,193,2500,2496,4,0,2490,6
6687,500,337,2500,2496,4,0,2485,11
8182,500,431,2500,2496,4,0,2482,14
5734,500,380,2500,2496,4,0,2483,13
2122,500,468,2500,2496,4,0,2490,6
4946,500,117,2500,2496,4,0,2487,9
1182,500,496,2500,2496,4,0,2488,8
1398,500,330,2500,2496,4,0,2490,6
3214,500,498,2500,2496,4,0,2479,17
2906,500,324,2500,2496,4,0,2474,22
1950,500,184,2500,2496,4,0,2487,9
5123,500,120,2500,2496,4,0,2488,8
990,500,71,2500,2496,4,0,2490,6
6867,500,493,2500,2496,4,0,2479,17
302,500,150,2500,2496,4,0,2490,6
2991,500,316,2500,2496,4,0,2490,6
3338,500,49,2500,2496,4,0,2488,8
347,500,136,2500,2496,4,0,2477,19
1062,500,215,2500,2496,4,0,2488,8
5763,500,483,2500,2496,4,0,2487,9
6429,500,421,2500,2496,4,0,2488,8
1783,500,331,2500,2496,4,0,2487,9
6894,500,234,2500,2496,4,0,2480,16
2211,500,337,2500,2496,4,0,2485,11
1013,500,180,2500,2496,4,0,2486,10
1199,500,473,2500,2496,4,0,2488,8
5306,500,166,2500,2496,4,0,2475,21
4743,500,107,2500,2496,4,0,2490,6
2866,500,134,2500,2496,4,0,2463,33
1350,500,192,2500,2496,4,0,2467,29
2711,500,390,2500,2496,4,0,2472,24
1102,500,383,2500,2496,4,0,2488,8
322,500,222,2500,2496,4,0,2488,8
7839,500,73,2500,2496,4,0,2482,14
5542,500,175,2500,2496,4,0,2425,71
2291,500,249,2500,2496,4,0,2486,10
2742,500,381,2500,2496,4,0,2490,6
682,500,166,2500,2496,4,0,2475,21
2175,500,134,2500,2496,4,0,2463,33
6957,500,480,2500,2496,4,0,2487,9
3256,500,495,2500,2496,4,0,2490,6
7445,500,12,2500,2496,4,0,2478,18
1143,500,357,2500,2496,4,0,2488,8
6314,500,374,2500,2496,4,0,2488,8
5538,500,409,2500,2496,4,0,2484,12
7415,500,412,2500,2496,4,0,2467,29
4853,500,267,2500,2496,4,0,2488,8
6328,500,491,2500,2496,4,0,2490,6
1852,500,105,2500,2496,4,0,2466,30
2857,500,452,2500,2496,4,0,2490,6
7552,500,180,2500,2496,4,0,2486,10
472,500,479,2500,2496,4,0,2488,8
6348,500,138,2500,2496,4,0,2490,6
5382,1000,553,5000,4996,4,0,4988,8
1826,1000,566,5000,4996,4,0,4982,14
3542,1000,770,5000,4996,4,0,4982,14
3546,1000,502,5000,4996,4,0,4988,8
3223,1000,400,5000,4996,4,0,4988,8
5377,1000,84,5000,4996,4,0,4990,6
3199,1000,707,5000,4996,4,0,4988,8
2,1000,688,5000,4996,4,0,4967,29
1207,1000,337,5000,4996,4,0,4985,11
5442,1000,174,5000,4996,4,0,4963,33
254,1000,379,5000,4996,4,0,4986,10
2122,1000,467,5000,4996,4,0,4990,6
2206,1000,868,5000,4996,4,0,4980,16
3922,1000,238,5000,4996,4,0,4985,11
1398,1000,71,5000,4996,4,0,4990,6
474,1000,494,5000,4996,4,0,4961,35
166,1000,574,5000,4996,4,0,4988,8
4690,1000,925,5000,4996,4,0,4986,10
2383,1000,360,5000,4996,4,0,4986,10
3730,1000,570,5000,4996,4,0,4984,12
4127,1000,747,5000,4996,4,0,4984,12
3042,1000,399,5000,4996,4,0,4988,8
2991,1000,570,5000,4996,4,0,4984,12
3338,1000,790,5000,4996,4,0,4986,10
3087,1000,643,5000,4996,4,0,4990,6
3802,1000,468,5000,4996,4,0,4990,6
3023,1000,236,5000,4996,4,0,4961,35
3689,1000,173,5000,4996,4,0,4990,6
1783,1000,72,5000,4996,4,0,4990,6
4154,1000,485,5000,4996,4,0,4972,24
4951,1000,91,5000,4996,4,0,4988,8
3753,1000,175,5000,4996,4,0,4925,71
1199,1000,482,5000,4996,4,0,4987,9
5306,1000,917,5000,4996,4,0,4988,8
4743,1000,102,5000,4996,4,0,4987,9
2866,1000,384,5000,4996,4,0,4988,8
1350,1000,941,5000,4996,4,0,4990,6
5451,1000,397,5000,4996,4,0,4978,18
1102,1000,138,5000,4996,4,0,4990,6
322,1000,730,5000,4996,4,0,4987,9
